Disaster Type,Country,Region,Magnitude,Magnitude Scale,Latitude,Longitude,Start Year,Start Month,Start Day
12,79,1,200.0,0,14.381,-90.601,2000,1.0,16.0
2,13,2,4.3,2,21.431,91.762,2000,1.0,2.0
2,38,2,5.9,2,25.607,101.063,2000,1.0,14.0
2,38,2,4.9,2,24.263,103.797,2000,1.0,26.0
2,38,2,5.1,2,40.498,122.994,2000,1.0,11.0
2,89,2,5.3,2,35.288,58.218,2000,2.0,2.0
2,89,2,4.9,2,35.217,58.175,2000,2.0,14.0
2,86,3,6.5,2,63.98,-20.758,2000,6.0,21.0
2,41,1,6.5,2,7.042,-77.829,2000,11.0,8.0
12,150,2,200.0,0,13.257,123.685,2000,2.0,24.0
12,96,2,200.0,0,34.92,139.12,2000,3.0,31.0
2,88,2,7.6,2,-1.105,123.573,2000,5.0,4.0
2,203,2,4.5,2,38.164,38.777,2000,5.0,7.0
2,203,2,6.0,2,40.693,32.992,2000,6.0,6.0
2,88,2,6.7,2,-4.646,102.102,2000,6.0,4.0
2,38,2,5.6,2,37.012,103.791,2000,6.0,6.0
2,75,3,5.6,2,38.922,20.64,2000,5.0,26.0
2,86,3,6.5,2,63.966,-20.487,2000,6.0,17.0
2,136,1,5.4,2,11.884,-85.988,2000,7.0,6.0
2,96,2,6.1,2,34.221,139.131,2000,7.0,1.0
2,88,2,5.4,2,-6.675,106.845,2000,7.0,12.0
2,158,3,6.8,2,48.786,142.246,2000,8.0,4.0
2,38,2,4.9,2,25.826,102.194,2000,8.0,21.0
2,210,1,4.9,2,38.3788333,-122.4133333,2000,9.0,3.0
2,208,0,6.5,2,-7.977,30.709,2000,10.0,2.0
2,96,2,6.7,2,35.456,133.134,2000,10.0,6.0
2,192,2,4.8,2,37.451,69.498,2000,10.0,30.0
2,147,4,8.0,2,-3.98,152.169,2000,11.0,16.0
2,88,2,6.8,2,-6.549,105.63,2000,10.0,25.0
2,88,2,6.7,2,-4.612,101.905,2000,6.0,7.0
2,11,2,6.8,2,40.245,49.946,2000,11.0,25.0
12,123,1,200.0,0,19.023,-98.622,2000,12.0,18.0
2,200,2,7.0,2,39.566,54.799,2000,12.0,6.0
2,208,0,4.3,2,-9.278,33.766,2001,1.0,5.0
2,59,1,7.7,2,13.049,-88.66,2001,1.0,13.0
2,79,1,7.7,2,13.049,-88.66,2001,1.0,13.0
2,87,2,7.7,2,23.419,70.232,2001,1.0,26.0
2,144,2,7.7,2,23.419,70.232,2001,1.0,26.0
2,59,1,6.6,2,13.671,-88.938,2001,2.0,13.0
2,38,2,5.6,2,29.513,101.129,2001,2.0,23.0
2,210,1,6.8,2,47.149,-122.7266667,2001,2.0,28.0
2,96,2,6.8,2,34.083,132.526,2001,3.0,24.0
2,38,2,5.6,2,24.768,99.061,2001,4.0,12.0
2,38,2,5.5,2,27.689,101.003,2001,5.0,23.0
2,0,2,5.0,2,35.169,69.389,2001,6.0,1.0
12,213,4,200.0,0,-16.507,168.346,2001,6.0,8.0
2,149,1,8.4,2,-16.265,-73.641,2001,6.0,23.0
12,150,2,200.0,0,13.257,123.685,2001,5.0,24.0
5,31,0,1080.0,0,4.022,9.2,2001,6.0,28.0
2,147,4,6.4,2,-6.884,146.388,2001,6.0,5.0
2,203,2,5.5,2,37.238,36.206,2001,6.0,25.0
12,94,3,200.0,0,37.734,15.004,2001,7.0,18.0
2,38,2,4.6,2,24.455,102.66,2001,7.0,14.0
12,57,1,200.0,0,-1.467,-78.442,2001,8.0,14.0
2,88,2,5.0,2,-6.99,108.275,2001,6.0,28.0
2,38,2,5.6,2,26.316,100.648,2001,10.0,27.0
2,88,2,7.4,2,-4.68,102.562,2001,2.0,13.0
2,203,2,5.4,2,39.832,41.623,2001,7.0,10.0
2,75,3,6.5,2,39.059,24.244,2001,7.0,26.0
2,89,2,4.9,2,33.007,60.276,2001,10.0,8.0
2,149,1,5.8,2,-15.35,-72.516,2001,12.0,4.0
2,149,1,5.8,2,-14.258,-72.683,2001,8.0,9.0
2,213,4,7.2,2,-17.6,167.856,2002,1.0,3.0
2,192,2,5.3,2,38.673,69.902,2002,1.0,9.0
12,52,0,200.0,0,-1.52,29.25,2002,1.0,17.0
2,159,0,4.7,2,-1.684,29.077,2002,1.0,17.0
2,203,2,6.5,2,38.573,31.271,2002,2.0,3.0
2,147,4,6.7,2,-3.212,142.427,2002,1.0,10.0
12,123,1,200.0,0,19.514,-103.62,2002,2.0,6.0
2,89,2,5.4,2,28.093,51.755,2002,2.0,17.0
2,0,2,6.3,2,36.429,70.438,2002,3.0,3.0
2,144,2,6.3,2,36.429,70.438,2002,3.0,3.0
2,192,2,6.3,2,36.429,70.438,2002,3.0,3.0
2,150,2,7.5,2,6.033,124.249,2002,3.0,5.0
2,191,2,7.1,2,24.279,122.179,2002,3.0,31.0
2,0,2,6.1,2,36.062,69.315,2002,3.0,25.0
2,0,2,5.9,2,35.959,69.417,2002,4.0,12.0
2,172,3,5.7,2,42.436,21.466,2002,4.0,24.0
2,89,2,5.4,2,34.642,47.4,2002,4.0,24.0
2,72,2,4.8,2,41.765,44.96,2002,4.0,25.0
2,7,1,6.0,2,-28.937,-66.797,2002,5.0,28.0
2,89,2,6.5,2,35.626,49.047,2002,6.0,22.0
2,88,2,6.2,2,-1.196,121.333,2002,8.0,15.0
2,58,0,4.4,2,30.2,31.41,2002,8.0,24.0
2,147,4,7.6,2,-3.302,142.945,2002,9.0,8.0
2,87,2,6.5,2,13.036,93.068,2002,9.0,13.0
2,88,2,7.6,2,-1.757,134.297,2002,10.0,10.0
2,208,0,5.5,2,-2.907,33.733,2002,5.0,18.0
2,38,2,5.3,2,30.916,99.927,2002,8.0,8.0
2,94,3,4.3,2,37.67,15.267,2002,10.0,29.0
2,94,3,5.9,2,41.789,14.872,2002,10.0,31.0
2,144,2,5.4,2,35.517,74.654,2002,11.0,2.0
2,144,2,6.3,2,35.414,74.515,2002,11.0,20.0
2,75,3,5.7,2,37.747,21.087,2002,12.0,2.0
2,213,4,5.9,2,-14.49,167.827,2002,11.0,27.0
2,89,2,5.2,2,34.594,47.454,2002,12.0,24.0
2,88,2,6.4,2,-1.68,134.234,2002,9.0,20.0
2,89,2,5.6,2,31.995,49.329,2002,9.0,25.0
2,88,2,7.4,2,2.824,96.085,2002,11.0,2.0
2,38,2,5.6,2,39.736,97.443,2002,12.0,14.0
12,57,1,200.0,0,-1.467,-78.442,2002,10.0,2.0
2,94,3,6.0,2,38.381,13.701,2002,9.0,6.0
2,123,1,7.6,2,18.77,-104.104,2003,1.0,22.0
2,89,2,5.2,2,29.59,51.474,2003,1.0,11.0
2,88,2,5.5,2,-8.807,118.524,2003,1.0,23.0
2,38,2,6.3,2,39.61,77.23,2003,2.0,24.0
2,38,2,6.4,2,37.529,96.476,2003,4.0,17.0
2,94,3,5.0,2,44.792,8.892,2003,4.0,11.0
2,203,2,6.4,2,39.007,40.464,2003,5.0,1.0
2,38,2,5.8,2,39.43,77.219,2003,5.0,4.0
2,0,2,4.6,2,35.893,70.62,2003,4.0,10.0
2,2,0,6.8,2,36.964,3.634,2003,5.0,21.0
2,96,2,7.0,2,38.849,141.568,2003,5.0,26.0
2,88,2,7.0,2,2.354,128.855,2003,5.0,27.0
2,2,0,5.8,2,36.939,3.578,2003,5.0,27.0
2,98,2,5.5,2,42.946,72.764,2003,5.0,23.0
2,89,2,5.2,2,35.476,60.784,2003,7.0,3.0
12,57,1,200.0,0,-1.467,-78.442,2003,6.0,5.0
2,38,2,6.0,2,25.975,101.29,2003,7.0,21.0
2,96,2,5.5,2,38.432,141.003,2003,7.0,25.0
2,38,2,5.4,2,43.77,119.643,2003,8.0,16.0
2,146,1,5.4,2,9.355,-79.941,2003,8.0,13.0
2,88,2,6.0,2,1.142,128.152,2003,8.0,11.0
2,89,2,5.8,2,28.355,54.169,2003,7.0,10.0
2,13,2,5.7,2,22.854,92.306,2003,7.0,26.0
2,96,2,7.4,2,41.774,143.593,2003,9.0,25.0
2,56,1,6.4,2,19.777,-70.673,2003,9.0,22.0
2,158,3,7.3,2,50.038,87.813,2003,9.0,27.0
2,38,2,5.6,2,25.954,101.254,2003,10.0,16.0
2,38,2,5.8,2,38.383,100.975,2003,10.0,25.0
2,38,2,5.1,2,34.712,103.834,2003,11.0,13.0
2,38,2,5.6,2,27.372,103.971,2003,11.0,14.0
2,38,2,6.0,2,42.905,80.515,2003,12.0,1.0
2,38,2,4.7,2,27.283,103.753,2003,11.0,26.0
2,210,1,6.5,2,35.7005,-121.1005,2003,12.0,22.0
2,45,1,6.5,2,8.416,-82.824,2003,12.0,25.0
2,146,1,6.5,2,8.416,-82.824,2003,12.0,25.0
2,89,2,6.6,2,28.995,58.311,2003,12.0,26.0
2,203,2,4.5,2,38.111,28.887,2003,7.0,26.0
2,89,2,5.0,2,31.953,49.209,2003,12.0,11.0
2,203,2,5.8,2,38.221,26.958,2003,4.0,10.0
2,88,2,5.8,2,-8.31,115.788,2004,1.0,1.0
2,2,0,4.5,2,36.852,3.418,2004,1.0,10.0
2,88,2,7.0,2,-3.615,135.538,2004,2.0,5.0
2,144,2,5.5,2,34.774,73.216,2004,2.0,14.0
2,128,0,6.4,2,35.142,-3.997,2004,2.0,24.0
2,88,2,5.1,2,-0.466,100.655,2004,2.0,16.0
2,38,2,5.5,2,45.382,118.256,2004,3.0,24.0
2,203,2,5.6,2,39.93,40.812,2004,3.0,25.0
2,203,2,5.6,2,39.847,40.874,2004,3.0,28.0
2,192,2,4.3,2,39.57,67.479,2004,4.0,1.0
2,89,2,6.3,2,36.29,51.61,2004,5.0,28.0
2,158,3,4.9,2,47.311,142.12,2004,5.0,31.0
2,203,2,5.1,2,39.766,43.979,2004,7.0,1.0
2,38,2,5.4,2,27.266,103.873,2004,8.0,10.0
2,41,1,5.1,2,2.265,-76.595,2004,8.0,18.0
2,0,2,5.2,2,33.426,69.524,2004,7.0,18.0
2,38,2,4.8,2,25.073,99.169,2004,10.0,18.0
2,96,2,6.6,2,37.226,138.779,2004,10.0,23.0
2,88,2,7.5,2,-8.152,124.868,2004,11.0,11.0
2,38,2,5.2,2,34.682,103.781,2004,9.0,7.0
2,41,1,7.2,2,4.695,-77.508,2004,11.0,15.0
2,55,1,6.3,2,15.679,-61.706,2004,11.0,21.0
2,77,1,6.3,2,15.679,-61.706,2004,11.0,21.0
2,45,1,6.4,2,9.602,-84.172,2004,11.0,20.0
2,88,2,7.1,2,-3.609,135.404,2004,11.0,26.0
2,2,0,4.5,2,36.848,3.448,2004,12.0,1.0
2,13,2,9.1,2,3.295,95.982,2004,12.0,26.0
2,88,2,9.1,2,3.295,95.982,2004,12.0,26.0
2,87,2,9.1,2,3.295,95.982,2004,12.0,26.0
2,99,0,9.1,2,3.295,95.982,2004,12.0,26.0
2,184,2,9.1,2,3.295,95.982,2004,12.0,26.0
2,115,2,9.1,2,3.295,95.982,2004,12.0,26.0
2,130,2,9.1,2,3.295,95.982,2004,12.0,26.0
2,114,2,9.1,2,3.295,95.982,2004,12.0,26.0
2,180,0,9.1,2,3.295,95.982,2004,12.0,26.0
2,173,0,9.1,2,3.295,95.982,2004,12.0,26.0
2,193,2,9.1,2,3.295,95.982,2004,12.0,26.0
2,208,0,9.1,2,3.295,95.982,2004,12.0,26.0
2,73,3,4.8,2,48.115,8.077,2004,12.0,5.0
2,178,3,5.2,2,46.296,13.641,2004,7.0,12.0
2,28,0,4.7,2,-3.393,29.558,2004,2.0,24.0
2,38,2,5.5,2,37.506,96.758,2004,5.0,4.0
2,89,2,5.4,2,37.103,54.574,2005,1.0,10.0
2,88,2,6.3,2,-1.198,119.933,2005,1.0,23.0
2,203,2,5.9,2,37.622,43.703,2005,1.0,25.0
2,89,2,6.4,2,30.754,56.816,2005,2.0,22.0
2,203,2,5.8,2,39.354,40.89,2005,3.0,14.0
2,96,2,6.6,2,33.807,130.131,2005,3.0,20.0
2,181,0,5.0,2,-26.913,26.789,2005,3.0,9.0
2,88,2,8.6,2,2.085,97.108,2005,3.0,28.0
2,96,2,5.5,2,33.637,130.179,2005,4.0,19.0
2,59,1,4.8,2,13.835,-89.759,2005,5.0,5.0
12,147,4,200.0,0,-4.08,145.037,2005,6.0,2.0
2,37,1,7.8,2,-19.987,-69.197,2005,6.0,13.0
2,149,1,7.8,2,-19.987,-69.197,2005,6.0,13.0
2,147,4,6.1,2,-6.319,146.846,2005,6.0,4.0
2,203,2,5.6,2,39.22,41.08,2005,6.0,6.0
2,149,1,7.5,2,-5.678,-76.398,2005,9.0,26.0
12,59,1,200.0,0,13.852846,-89.63,2005,10.0,1.0
2,0,2,7.6,2,34.539,73.588,2005,10.0,8.0
2,87,2,7.6,2,34.539,73.588,2005,10.0,8.0
2,144,2,7.6,2,34.539,73.588,2005,10.0,8.0
2,38,2,5.2,2,29.671,115.688,2005,11.0,26.0
2,89,2,5.9,2,26.774,55.858,2005,11.0,27.0
12,213,4,200.0,0,-16.507,168.346,2005,11.0,27.0
2,52,0,6.8,2,-6.224,29.83,2005,12.0,5.0
2,208,0,6.8,2,-6.224,29.83,2005,12.0,5.0
2,0,2,6.5,2,36.357,71.093,2005,12.0,13.0
12,41,1,200.0,0,1.22,-77.37,2005,11.0,24.0
2,89,2,6.0,2,27.095,61.887,2005,3.0,13.0
2,38,2,5.2,2,26.569,103.036,2005,8.0,5.0
12,64,0,200.0,0,12.623,40.46,2005,9.0,15.0
10,88,2,200.0,0,-8.02,113.34,2006,1.0,1.0
5,24,1,9335.0,0,-22.56,-43.36,2006,1.0,27.0
5,21,1,955800.0,0,-16.03,-63.43,2006,1.0,25.0
5,150,2,63470.0,0,17.02,121.82,2006,1.0,26.0
5,82,1,24224.0,0,6.89,-58.66,2006,1.0,8.0
11,9,4,200.0,1,-23.26,116.94,2006,1.0,9.0
2,38,2,4.6,2,23.282,101.693,2006,1.0,12.0
5,90,2,77640.0,0,34.21,45.49,2006,2.0,4.0
10,88,2,200.0,0,-8.44,117.29,2006,1.0,22.0
5,65,4,2370.0,0,-16.45,179.65,2006,2.0,4.0
11,65,4,200.0,1,-17.82,177.68,2006,1.0,29.0
5,88,2,73070.0,0,-6.85,108.59,2006,1.0,26.0
5,147,4,34450.0,0,-9.07,147.28,2006,2.0,3.0
5,2,0,180500.0,0,27.67,-5.91,2006,2.0,10.0
5,57,1,30150.0,0,-2.23,-79.98,2006,2.0,16.0
5,217,2,10710.0,0,14.54,44.18,2006,2.0,20.0
5,88,2,33830.0,0,1.07,124.66,2006,2.0,13.0
2,129,0,7.0,2,-21.324,33.583,2006,2.0,22.0
5,131,0,16110.0,0,-24.53,17.98,2006,2.0,24.0
5,172,3,10090.0,0,42.6,20.83,2006,2.0,21.0
5,114,2,200.0,0,4.33,102.54,2006,2.0,10.0
5,193,2,200.0,0,4.33,102.54,2006,2.0,10.0
5,113,0,64890.0,0,-14.59,35.12,2006,3.0,7.0
2,89,2,6.0,2,28.12,56.865,2006,2.0,28.0
5,150,2,630.0,0,7.17,125.57,2006,3.0,4.0
11,9,4,290.0,1,-17.91,145.54,2006,3.0,20.0
5,41,1,200.0,0,5.43,-75.6,2006,1.0,1.0
2,26,3,4.6,2,41.708,25.544,2006,2.0,20.0
2,2,0,5.2,2,36.623,5.328,2006,3.0,20.0
2,89,2,6.1,2,33.5,48.78,2006,3.0,31.0
11,9,4,235.0,1,-25.68,115.13,2006,3.0,30.0
5,10,3,200.0,0,49.86,16.09,2006,3.0,28.0
5,49,3,200.0,0,49.86,16.09,2006,3.0,28.0
5,73,3,200.0,0,49.86,16.09,2006,3.0,28.0
5,172,3,35510.0,0,45.26,20.75,2006,4.0,4.0
5,177,3,200.0,0,48.67,19.08,2006,3.0,28.0
5,217,2,91480.0,0,15.1,43.88,2006,4.0,3.0
5,52,0,45540.0,0,-4.36,16.17,2006,4.0,8.0
5,99,0,538000.0,0,2.25,37.53,2006,4.0,4.0
5,9,4,39370.0,0,-14.18,132.39,2006,4.0,5.0
5,210,1,44110.0,0,37.69,-99.99,2006,4.0,4.0
5,181,0,2500.0,0,-27.44,24.83,2006,3.0,26.0
5,210,1,585.0,0,22.15,-99.99,2006,3.0,14.0
5,88,2,19040.0,0,-7.84,111.86,2006,4.0,19.0
5,32,1,730.0,0,49.72,-56.05,2006,4.0,18.0
5,64,0,83390.0,0,10.99,41.63,2006,4.0,9.0
5,147,4,41560.0,0,-4.26,143.22,2006,4.0,12.0
5,32,1,63270.0,0,53.54,-99.99,2006,4.0,12.0
5,87,2,190900.0,0,17.43,82.81,2006,4.0,15.0
5,72,2,29220.0,0,42.27,42.83,2006,4.0,15.0
5,157,3,200.0,0,44.5,23.87,2006,4.0,7.0
5,205,3,200.0,0,44.5,23.87,2006,4.0,7.0
12,149,1,200.0,0,-16.355,-70.9,2006,3.0,27.0
2,158,3,7.6,2,60.949,167.089,2006,4.0,20.0
5,0,2,58310.0,0,35.67,66.83,2006,4.0,28.0
10,147,4,200.0,0,-6.16,143.7,2006,4.0,27.0
5,135,4,4630.0,0,-45.69,170.37,2006,4.0,26.0
5,32,1,7030.0,0,52.53,-82.09,2006,4.0,22.0
5,158,3,144900.0,0,50.78,87.14,2006,4.0,21.0
5,114,2,2590.0,0,5.27,102.15,2006,4.0,20.0
2,88,2,6.7,2,-3.595,127.214,2006,3.0,14.0
2,89,2,5.0,2,30.79,56.7,2006,5.0,7.0
11,130,2,240.0,1,18.37,94.95,2006,4.0,29.0
5,89,2,18310.0,0,38.69,47.88,2006,5.0,8.0
5,187,1,27500.0,0,3.42,-56.48,2006,5.0,7.0
5,38,2,175200.0,0,26.92,106.58,2006,4.0,21.0
11,38,2,200.0,1,25.97,118.77,2006,5.0,18.0
5,208,0,12430.0,0,-3.33,37.22,2006,5.0,9.0
5,210,1,42910.0,0,43.16,-70.79,2006,5.0,11.0
5,32,1,3210.0,0,67.93,-99.99,2006,5.0,26.0
5,87,2,47020.0,0,26.6,94.02,2006,5.0,31.0
5,87,2,42690.0,0,10.54,76.05,2006,5.0,25.0
5,38,2,76600.0,0,26.75,118.57,2006,5.0,30.0
5,87,2,395400.0,0,18.73,75.23,2006,5.0,31.0
5,38,2,107400.0,0,30.92,112.9,2006,5.0,24.0
5,128,0,33210.0,0,32.15,-4.05,2006,5.0,26.0
5,28,0,2700.0,0,-3.86,29.67,2006,5.0,17.0
5,32,1,200.0,0,50.13,-99.99,2006,5.0,20.0
5,193,2,78280.0,0,18.18,100.15,2006,5.0,22.0
5,0,2,21480.0,0,34.52,65.56,2006,5.0,19.0
2,88,2,6.3,2,-7.961,110.446,2006,5.0,26.0
12,213,4,200.0,0,-16.507,168.346,2006,5.0,9.0
12,57,1,200.0,0,-1.467,-78.442,2006,5.0,10.0
5,38,2,58070.0,0,26.2,112.75,2006,6.0,13.0
5,38,2,11680.0,0,25.51,106.51,2006,6.0,12.0
5,191,2,14310.0,0,24.07,120.79,2006,6.0,10.0
5,38,2,4210.0,0,23.42,111.38,2006,6.0,8.0
5,151,3,27580.0,0,49.5,20.93,2006,6.0,4.0
5,177,3,200.0,0,49.5,20.93,2006,6.0,4.0
5,158,3,274800.0,0,58.33,114.58,2006,6.0,4.0
5,88,2,3100.0,0,-5.17,120.11,2006,6.0,19.0
5,157,3,5540.0,0,47.15,47.46,2006,6.0,20.0
5,38,2,36280.0,0,24.73,116.87,2006,6.0,17.0
5,88,2,23710.0,0,-3.29,115.49,2006,6.0,25.0
5,205,3,600.0,0,45.09,34.62,2006,7.0,2.0
5,203,2,69640.0,0,39.74,41.1,2006,7.0,1.0
5,157,3,1120.0,0,47.8,25.95,2006,6.0,30.0
5,38,2,22760.0,0,34.04,117.03,2006,6.0,28.0
5,38,2,11360.0,0,26.01,108.45,2006,6.0,25.0
5,38,2,34990.0,0,27.06,111.06,2006,6.0,25.0
5,210,1,122600.0,0,40.41,-75.78,2006,6.0,25.0
5,87,2,13110.0,0,25.62,83.67,2006,6.0,24.0
5,132,2,200.0,0,25.62,83.67,2006,6.0,24.0
5,88,2,890.0,0,0.55,123.01,2006,6.0,23.0
5,210,1,6780.0,0,41.41,-86.91,2006,6.0,22.0
10,144,2,200.0,0,35.35,72.62,2006,7.0,3.0
5,158,3,22760.0,0,50.79,106.52,2006,7.0,12.0
5,155,2,9610.0,0,37.56,127.17,2006,7.0,12.0
5,51,2,55620.0,0,37.56,127.17,2006,7.0,12.0
11,38,2,200.0,1,24.0,112.11,2006,7.0,16.0
11,150,2,120.0,1,24.0,112.11,2006,7.0,11.0
11,215,2,200.0,1,24.0,112.11,2006,7.0,11.0
5,37,1,5030.0,0,-72.64,-37.26,2006,7.0,11.0
5,38,2,1400.0,0,47.73,128.9,2006,7.0,11.0
5,0,2,200.0,0,33.06,69.95,2006,7.0,9.0
5,144,2,200.0,0,33.06,69.95,2006,7.0,9.0
5,38,2,20120.0,0,22.35,109.4,2006,7.0,7.0
5,30,2,11610.0,0,11.43,103.53,2006,7.0,6.0
5,87,2,170100.0,0,22.41,71.31,2006,7.0,4.0
5,87,2,31360.0,0,19.17,83.65,2006,7.0,3.0
5,38,2,138200.0,0,43.32,83.77,2006,7.0,2.0
2,88,2,7.7,2,-9.284,107.419,2006,7.0,17.0
12,57,1,200.0,0,-1.467,-78.442,2006,7.0,14.0
5,96,2,47890.0,0,35.34,136.22,2006,6.0,19.0
11,38,2,200.0,1,26.39,117.28,2006,7.0,24.0
11,150,2,200.0,1,26.39,117.39,2006,7.0,24.0
11,191,2,200.0,1,26.39,117.28,2006,7.0,24.0
5,87,2,200.0,0,34.61,73.2,2006,7.0,24.0
5,144,2,42570.0,0,34.61,73.2,2006,7.0,24.0
5,96,2,6130.0,0,31.54,130.99,2006,7.0,22.0
5,120,0,60.0,0,17.75,-15.0,2006,7.0,22.0
5,38,2,1666.0,0,24.66,102.18,2006,7.0,20.0
5,138,0,724.0,0,6.94,6.35,2006,7.0,15.0
5,38,2,1726.0,0,39.04,106.59,2006,7.0,14.0
2,38,2,4.9,2,27.995,104.138,2006,7.0,22.0
2,0,2,5.6,2,37.255,68.828,2006,7.0,29.0
2,192,2,5.6,2,37.255,68.828,2006,7.0,29.0
11,38,2,200.0,1,21.11,110.11,2006,8.0,3.0
11,150,2,200.0,1,21.11,110.11,2006,8.0,2.0
5,123,1,200.0,0,31.76,-106.39,2006,7.0,27.0
5,210,1,3610.0,0,31.76,-106.39,2006,7.0,27.0
5,144,2,2748.0,0,25.03,67.12,2006,8.0,1.0
11,150,2,200.0,1,15.86,120.74,2006,6.0,30.0
5,0,2,3116.0,0,34.08,69.75,2006,7.0,30.0
5,87,2,165400.0,0,20.19,73.82,2006,7.0,28.0
5,144,2,200.0,0,20.19,73.82,2006,7.0,28.0
5,210,1,4720.0,0,41.52,-81.09,2006,7.0,27.0
5,189,3,364.0,0,46.04,7.39,2006,7.0,26.0
5,64,0,4225.0,0,9.67,42.19,2006,8.0,5.0
5,180,0,3845.0,0,2.665,45.45,2006,8.0,4.0
5,181,0,21840.0,0,-33.538,26.3,2006,8.0,2.0
5,64,0,13560.0,0,5.24,36.22,2006,8.0,13.0
5,64,0,200.0,0,13.21,34.76,2006,8.0,13.0
5,186,0,200.0,0,13.21,34.76,2006,8.0,13.0
5,27,0,200.0,0,14.42,-1.02,2006,8.0,3.0
5,116,0,200.0,0,14.42,-1.02,2006,8.0,3.0
5,120,0,200.0,0,14.42,-1.02,2006,8.0,3.0
5,138,0,200.0,0,14.42,-1.02,2006,8.0,3.0
5,215,2,119500.0,0,17.76,106.15,2006,8.0,12.0
12,150,2,200.0,0,13.257,123.685,2006,8.0,13.0
5,30,2,55860.0,0,11.06,104.68,2006,8.0,10.0
5,215,2,200.0,0,11.06,104.68,2006,8.0,10.0
5,210,1,95940.0,0,62.45,-99.99,2006,8.0,19.0
5,204,0,4050.0,0,1.38,34.28,2006,8.0,12.0
2,38,2,4.9,2,33.068,104.95,2006,6.0,20.0
11,210,1,119.0,1,34.74,-77.87,2006,8.0,2.0
10,132,2,200.0,0,28.69,81.31,2006,8.0,26.0
2,38,2,5.0,2,28.012,104.151,2006,8.0,25.0
5,38,2,16920.0,0,34.7,102.68,2006,8.0,30.0
11,123,1,215.0,1,25.35,-111.81,2006,9.0,2.0
5,13,2,28080.0,0,23.23,89.27,2006,8.0,24.0
11,123,1,250.0,1,24.47,-107.04,2006,9.0,16.0
11,13,2,200.0,1,19.73,83.75,2006,9.0,18.0
11,87,2,200.0,1,19.73,83.75,2006,9.0,18.0
11,150,2,160.0,1,16.68,107.21,2006,9.0,27.0
11,215,2,148.0,1,16.68,107.21,2006,9.0,27.0
5,193,2,175800.0,0,18.76,100.02,2006,8.0,20.0
5,75,3,17970.0,0,40.76,23.65,2006,10.0,8.0
5,130,2,188000.0,0,19.91,95.45,2006,9.0,15.0
5,210,1,146000.0,0,37.21,-87.62,2006,9.0,22.0
5,87,2,200.0,0,32.89,73.88,2006,8.0,31.0
5,144,2,200.0,0,32.89,73.88,2006,8.0,31.0
5,87,2,32700.0,0,27.59,81.52,2006,8.0,29.0
5,180,0,22490.0,0,3.1,45.44,2006,8.0,24.0
5,210,1,51560.0,0,60.88,-145.99,2006,10.0,9.0
5,38,2,24770.0,0,23.34,102.64,2006,10.0,6.0
5,64,0,200.0,0,4.62,44.6,2006,10.0,27.0
2,38,2,4.5,2,31.56,113.21,2006,10.0,27.0
5,99,0,200.0,0,-3.24,40.01,2006,10.0,15.0
5,0,2,5000.0,0,35.62,63.54,2006,11.0,16.0
5,43,0,1300.0,0,-4.24,15.43,2006,11.0,4.0
5,210,1,57890.0,0,47.86,-122.15,2006,11.0,5.0
5,90,2,19960.0,0,36.23,44.81,2006,11.0,5.0
11,150,2,230.0,1,17.02,121.82,2006,10.0,30.0
5,87,2,40090.0,0,14.13,79.93,2006,10.0,26.0
5,184,2,6890.0,0,7.32,80.03,2006,10.0,26.0
11,123,1,200.0,1,24.93,-107.53,2006,10.0,25.0
5,150,2,3680.0,0,7.61,125.83,2006,10.0,21.0
5,183,3,200.0,0,41.65,-7.87,2006,10.0,22.0
5,152,3,200.0,0,41.65,-7.87,2006,10.0,22.0
5,180,0,200.0,0,4.64,44.6,2006,10.0,26.0
5,203,2,122300.0,0,37.64,39.65,2006,10.0,27.0
2,38,2,4.7,2,43.469,119.558,2006,11.0,3.0
5,180,0,200.0,0,0.78,39.72,2006,10.0,23.0
5,204,0,200.0,0,0.78,39.72,2006,10.0,23.0
10,159,0,200.0,0,-1.79,29.94,2006,11.0,28.0
5,146,1,17730.0,0,8.9,-78.71,2006,11.0,21.0
11,150,2,195.0,1,10.33,106.74,2006,11.0,30.0
11,215,2,200.0,1,10.33,106.74,2006,11.0,30.0
5,113,0,2760.0,0,-15.96,34.51,2006,11.0,27.0
5,83,1,6300.0,0,18.5,-73.48,2006,11.0,28.0
2,88,2,5.8,2,0.626,99.859,2006,12.0,17.0
5,114,2,18300.0,0,1.87,103.22,2006,12.0,19.0
2,191,2,7.1,2,21.799,120.547,2006,12.0,26.0
2,102,2,5.8,2,42.156,76.163,2006,12.0,26.0
2,59,1,4.1,2,14.028,-89.785,2006,12.0,17.0
5,28,0,200.0,0,-3.14,30.4,2006,12.0,15.0
5,150,2,1410.0,0,12.44,124.77,2006,12.0,27.0
2,210,1,6.7,2,19.878,-155.935,2006,10.0,15.0
2,88,2,6.3,2,-8.261,118.753,2006,12.0,1.0
5,36,0,200.0,0,10.33,15.33,2006,9.0,5.0
5,87,2,302800.0,0,18.1,81.53,2006,8.0,1.0
5,24,1,210600.0,0,-22.42,-44.0,2007,1.0,1.0
5,113,0,200.0,0,-17.47,35.15,2007,1.0,8.0
5,4,0,200.0,0,-12.95,24.37,2007,1.0,10.0
5,218,0,289.6,0,-12.95,24.37,2007,1.0,10.0
5,184,2,10420.0,0,6.71,80.95,2007,1.0,12.0
10,88,2,200.0,0,3.56,125.54,2007,1.0,12.0
5,129,0,200.0,0,-17.47,35.15,2007,1.0,17.0
5,114,2,26380.0,0,2.19,103.37,2007,1.0,11.0
5,150,2,44620.0,0,7.71,125.22,2007,1.0,10.0
5,217,2,25390.0,0,15.1,43.88,2007,1.0,1.0
5,4,0,1600.0,0,-8.87,13.36,2007,1.0,17.0
5,28,0,200.0,0,-3.14,30.4,2007,1.0,1.0
5,149,1,200.0,0,-11.47,-74.46,2007,1.0,21.0
5,113,0,200.0,0,-10.62,32.59,2007,1.0,20.0
5,218,0,200.0,0,-10.62,32.59,2007,1.0,20.0
5,210,1,434.4,0,34.88,-90.07,2007,1.0,15.0
5,21,1,801000.0,0,-16.97,-61.96,2007,1.0,10.0
5,88,2,1800.0,0,-6.22,106.83,2007,1.0,31.0
5,159,0,1340.0,0,-1.73,29.48,2007,2.0,3.0
5,112,0,438800.0,0,-18.49,46.34,2007,2.0,8.0
5,131,0,200.0,0,12.95,24.37,2007,1.0,10.0
5,88,2,3220.0,0,-8.57,120.76,2007,3.0,1.0
2,88,2,6.3,2,-0.488,100.53,2007,3.0,6.0
11,112,0,230.0,1,-14.84,49.94,2007,3.0,15.0
2,96,2,6.7,2,37.336,136.588,2007,3.0,25.0
5,217,2,59870.0,0,16.57,49.13,2007,3.0,23.0
5,0,2,304100.0,0,33.25,64.89,2007,3.0,18.0
5,65,4,1690.0,0,-17.77,177.48,2007,2.0,3.0
2,179,4,8.1,2,-8.466,157.043,2007,4.0,1.0
5,183,3,42040.0,0,41.65,-0.65,2007,4.0,3.0
11,135,4,200.0,1,-35.35,173.98,2007,3.0,29.0
5,56,1,200.0,0,19.41,-71.78,2007,3.0,26.0
5,83,1,200.0,0,19.41,-71.78,2007,3.0,26.0
5,7,1,4000.0,0,-31.99,-59.12,2007,3.0,20.0
5,211,1,200.0,0,-31.99,-59.12,2007,3.0,20.0
5,2,0,7100.0,0,35.64,4.2,2007,4.0,13.0
5,193,2,290.0,0,7.44,99.65,2007,4.0,14.0
12,41,1,200.0,0,2.93,-76.03,2007,4.0,18.0
2,37,1,6.2,2,-45.243,-72.648,2007,4.0,21.0
5,9,4,11380.0,0,-32.87,151.38,2007,6.0,8.0
5,13,2,200.0,0,22.4,91.95,2007,6.0,11.0
5,41,1,69990.0,0,8.38,-75.59,2007,3.0,6.0
5,32,1,205000.0,0,54.18,-125.03,2007,6.0,6.0
5,38,2,168600.0,0,27.2,116.14,2007,6.0,1.0
5,56,1,200.0,0,19.55,-71.05,2007,5.0,30.0
5,83,1,200.0,0,19.55,-71.05,2007,5.0,30.0
5,203,2,38490.0,0,39.4,43.8,2007,5.0,27.0
11,67,3,200.0,1,43.3,-0.47,2007,5.0,25.0
5,26,3,34010.0,0,42.52,24.5,2007,5.0,22.0
5,38,2,43530.0,0,30.28,107.78,2007,5.0,24.0
5,210,1,341.3,0,30.24,-98.66,2007,5.0,24.0
5,183,3,212700.0,0,39.89,-4.22,2007,5.0,23.0
5,88,2,34350.0,0,-0.19,116.92,2007,5.0,15.0
5,41,1,29770.0,0,7.38,-75.43,2007,5.0,19.0
5,99,0,13870.0,0,-3.59,39.76,2007,5.0,15.0
5,0,2,15490.0,0,36.52,70.6,2007,5.0,14.0
5,158,3,313200.0,0,62.34,130.46,2007,5.0,13.0
5,193,2,38380.0,0,17.21,100.34,2007,5.0,11.0
5,211,1,104100.0,0,-32.77,-55.8,2007,5.0,4.0
5,0,2,25850.0,0,36.29,68.85,2007,5.0,5.0
5,130,2,15670.0,0,16.91,96.13,2007,5.0,3.0
5,184,2,3340.0,0,6.49,80.08,2007,5.0,2.0
5,41,1,1940.0,0,4.5,-75.21,2007,4.0,26.0
5,0,2,27490.0,0,37.01,70.73,2007,4.0,23.0
5,102,2,17040.0,0,40.63,73.83,2007,4.0,17.0
5,192,2,58420.0,0,39.35,69.46,2007,4.0,16.0
5,207,3,23110.0,0,52.52,-0.76,2007,6.0,15.0
2,38,2,6.1,2,23.028,101.052,2007,6.0,2.0
5,87,2,74890.0,0,26.26,94.02,2007,6.0,18.0
5,87,2,61700.0,0,22.02,72.25,2007,7.0,1.0
5,87,2,106600.0,0,21.03,77.52,2007,7.0,1.0
5,87,2,74000.0,0,20.05,81.86,2007,6.0,30.0
5,144,2,130.0,0,34.27,71.87,2007,6.0,28.0
5,89,2,11600.0,0,33.75,52.2,2007,6.0,27.0
5,210,1,507800.0,0,32.84,-97.17,2007,6.0,26.0
11,144,2,200.0,1,25.26,67.9,2007,6.0,26.0
5,207,3,27720.0,0,53.88,-0.91,2007,6.0,25.0
5,0,2,62340.0,0,35.28,71.14,2007,6.0,24.0
5,87,2,449300.0,0,14.94,78.16,2007,6.0,22.0
5,210,1,6500.0,0,42.23,-74.95,2007,6.0,19.0
5,210,1,34750.0,0,33.45,-97.3,2007,6.0,17.0
5,144,2,12120.0,0,34.98,72.23,2007,6.0,16.0
2,96,2,6.6,2,37.535,138.446,2007,7.0,16.0
11,96,2,250.0,1,31.69,130.9,2007,7.0,13.0
5,64,0,19510.0,0,5.45,37.12,2007,6.0,6.0
5,207,3,24650.0,0,52.07,-2.1,2007,7.0,20.0
5,83,1,44.0,0,18.55,-72.29,2007,7.0,23.0
2,192,2,5.2,2,38.936,70.485,2007,7.0,21.0
5,64,0,79620.0,0,8.33,34.5,2007,7.0,29.0
5,27,0,2435.0,0,11.45,-4.39,2007,7.0,26.0
5,181,0,20100.0,0,-34.09,19.58,2007,7.0,27.0
5,132,2,56920.0,0,27.78,84.08,2007,7.0,23.0
5,88,2,2400.0,0,-3.28,120.2,2007,7.0,25.0
5,13,2,7000.0,0,23.92,91.23,2007,7.0,21.0
5,87,2,200.0,0,23.92,91.23,2007,7.0,21.0
5,88,2,4600.0,0,-1.74,121.49,2007,7.0,22.0
5,38,2,165100.0,0,24.1,100.16,2007,7.0,18.0
5,38,2,200.0,0,36.68,119.23,2007,7.0,18.0
5,38,2,812700.0,0,43.09,88.21,2007,7.0,14.0
5,0,2,4110.0,0,34.53,66.13,2007,7.0,15.0
5,130,2,119100.0,0,18.52,95.32,2007,7.0,6.0
5,87,2,483900.0,0,22.63,88.49,2007,7.0,3.0
2,158,3,6.2,2,47.116,141.798,2007,8.0,2.0
5,120,0,9500.0,0,16.55,-11.32,2007,8.0,7.0
5,51,2,29480.0,0,38.53,126.61,2007,8.0,7.0
11,56,1,200.0,1,14.64,-61.02,2007,8.0,21.0
11,83,1,200.0,1,14.64,-61.02,2007,8.0,18.0
11,164,1,200.0,1,14.64,-61.02,2007,8.0,17.0
11,123,1,265.0,1,14.54,-61.02,2007,8.0,21.0
11,119,1,160.0,1,14.64,-61.02,2007,8.0,16.0
2,149,1,8.0,2,-13.386,-76.603,2007,8.0,15.0
12,64,0,200.0,0,12.17,40.82,2007,8.0,12.0
5,87,2,191400.0,0,31.24,76.53,2007,8.0,12.0
11,150,2,200.0,1,27.0,119.91,2007,8.0,17.0
11,191,2,200.0,1,27.0,119.91,2007,8.0,17.0
5,157,3,32270.0,0,46.76,25.6,2007,8.0,25.0
5,120,0,162800.0,0,15.47,-13.97,2007,8.0,31.0
5,36,0,454800.0,0,11.54,19.05,2007,8.0,25.0
5,107,0,2330.0,0,6.51,-10.58,2007,8.0,26.0
5,38,2,32590.0,0,27.72,104.07,2007,8.0,22.0
5,217,2,165100.0,0,15.08,45.73,2007,8.0,1.0
5,99,0,53520.0,0,0.88,34.28,2007,8.0,15.0
5,204,0,200.0,0,0.88,34.28,2007,8.0,15.0
5,30,2,64580.0,0,13.28,105.88,2007,8.0,10.0
5,36,0,23500.0,0,9.64,15.11,2007,8.0,9.0
5,144,2,16540.0,0,35.95,74.34,2007,8.0,12.0
5,38,2,100100.0,0,36.37,118.72,2007,8.0,9.0
5,87,2,133800.0,0,22.68,70.93,2007,8.0,8.0
5,138,0,630100.0,0,10.29,11.75,2007,8.0,4.0
5,157,3,26860.0,0,45.82,27.24,2007,9.0,5.0
5,180,0,13310.0,0,2.98,45.43,2007,9.0,1.0
5,170,0,200.0,0,15.47,-13.97,2007,8.0,9.0
2,41,1,6.8,2,2.966,-77.963,2007,9.0,10.0
5,123,1,200.0,0,14.62,-83.64,2007,9.0,4.0
11,79,1,200.0,1,14.62,-83.64,2007,9.0,4.0
11,84,1,200.0,1,14.62,-83.64,2007,9.0,4.0
11,123,1,200.0,1,14.62,-83.64,2007,9.0,4.0
11,136,1,200.0,1,14.62,-83.64,2007,9.0,4.0
2,88,2,8.4,2,-4.438,101.367,2007,9.0,12.0
5,159,0,1180.0,0,-1.68,29.42,2007,9.0,12.0
5,193,2,139500.0,0,16.82,102.48,2007,9.0,5.0
5,88,2,5690.0,0,-1.08,116.72,2007,9.0,2.0
5,38,2,4380.0,0,32.78,108.87,2007,8.0,31.0
5,2,0,78590.0,0,34.95,5.79,2007,9.0,21.0
11,96,2,200.0,1,38.57,125.83,2007,9.0,17.0
11,150,2,200.0,1,38.57,125.83,2007,9.0,17.0
11,51,2,200.0,1,38.57,125.83,2007,9.0,17.0
11,178,3,200.0,1,46.26,14.03,2007,9.0,18.0
2,84,1,5.3,2,14.828,-87.12,2007,9.0,15.0
11,150,2,200.0,1,17.07,106.9,2007,9.0,29.0
11,215,2,117.0,1,17.07,106.9,2007,9.0,29.0
11,123,1,200.0,1,20.93,-97.85,2007,9.0,28.0
5,24,1,127400.0,0,-30.25,-52.67,2007,9.0,24.0
5,45,1,11460.0,0,10.27,-84.95,2007,9.0,20.0
5,87,2,72010.0,0,20.91,86.4,2007,9.0,22.0
5,79,1,2300.0,0,14.6,-90.49,2007,9.0,22.0
5,87,2,90280.0,0,15.71,79.88,2007,9.0,16.0
11,155,2,200.0,1,34.78,126.59,2007,9.0,16.0
2,88,2,4.9,2,-7.783,114.338,2007,9.0,9.0
5,83,1,200.0,0,20.67,-76.4,2007,10.0,7.0
5,47,1,200.0,0,20.67,-76.4,2007,10.0,7.0
5,199,0,6550.0,0,36.95,9.71,2007,10.0,13.0
5,45,1,200.0,0,10.98,-85.44,2007,10.0,12.0
5,79,1,200.0,0,10.98,-85.44,2007,10.0,12.0
5,84,1,200.0,0,10.98,-85.44,2007,10.0,12.0
5,136,1,200.0,0,10.98,-85.44,2007,10.0,14.0
5,146,1,200.0,0,10.98,-85.44,2007,10.0,12.0
5,59,1,200.0,0,10.98,-85.44,2007,10.0,12.0
12,88,2,200.0,0,-7.93,112.308,2007,10.0,16.0
5,215,2,24810.0,0,15.87,107.78,2007,10.0,14.0
5,123,1,35810.0,0,17.67,-92.41,2007,10.0,28.0
5,215,2,35110.0,0,16.32,107.36,2007,10.0,28.0
11,12,1,200.0,1,18.53,-70.06,2007,10.0,28.0
11,47,1,200.0,1,18.53,-70.06,2007,10.0,28.0
11,56,1,200.0,1,18.53,-70.06,2007,10.0,28.0
11,83,1,200.0,1,18.53,-70.06,2007,10.0,28.0
5,87,2,76740.0,0,12.73,79.7,2007,10.0,27.0
5,150,2,4600.0,0,13.36,123.38,2007,10.0,27.0
5,52,0,1950.0,0,-4.37,15.38,2007,10.0,25.0
5,24,1,730.0,0,-22.72,-43.42,2007,10.0,24.0
5,41,1,189700.0,0,7.89,-74.91,2007,10.0,20.0
5,193,2,13140.0,0,9.72,99.0,2007,10.0,22.0
5,215,2,46470.0,0,11.01,105.51,2007,10.0,20.0
5,183,3,5050.0,0,38.64,-0.27,2007,10.0,12.0
11,191,2,200.0,1,23.76,121.02,2007,10.0,6.0
5,150,2,11140.0,0,8.796,124.833,2007,11.0,18.0
5,26,3,200.0,0,41.74,25.62,2007,11.0,16.0
5,75,3,52770.0,0,41.74,25.62,2007,11.0,16.0
5,203,2,200.0,0,41.74,26.62,2007,11.0,16.0
5,204,0,550.0,0,0.35,32.59,2007,11.0,15.0
11,13,2,250.0,1,22.61,90.15,2007,11.0,15.0
11,147,4,200.0,1,-9.03,149.22,2007,11.0,12.0
5,215,2,36820.0,0,15.3,108.44,2007,11.0,10.0
5,180,0,310.0,0,11.82,51.02,2007,11.0,3.0
11,150,2,200.0,1,17.57,121.76,2007,11.0,4.0
5,126,3,200.0,0,42.46,20.8,2007,11.0,26.0
5,171,3,200.0,0,42.76,20.8,2007,11.0,25.0
2,88,2,6.5,2,-8.292,118.37,2007,11.0,25.0
5,2,0,21400.0,0,36.75,2.96,2007,11.0,24.0
2,14,1,7.4,2,14.944,-61.274,2007,11.0,29.0
2,164,1,7.4,2,14.944,-61.274,2007,11.0,29.0
2,119,1,7.4,2,14.944,-61.274,2007,11.0,29.0
11,150,2,170.0,1,17.08,122.01,2007,11.0,25.0
11,150,2,129.0,1,8.796,124.83,2007,11.0,18.0
11,210,1,160.0,1,47.09,-122.91,2007,12.0,3.0
5,113,0,1630.0,0,-16.81,35.24,2007,11.0,18.0
2,37,1,7.7,2,-22.247,-69.89,2007,11.0,14.0
11,9,4,275.0,1,-13.67,131.92,2007,3.0,2.0
5,65,4,200.0,0,-17.77,177.48,2007,3.0,9.0
5,138,0,5270.0,0,6.96,3.3,2007,8.0,1.0
5,87,2,15360.0,0,20.45,86.2,2007,8.0,3.0
5,155,2,930.0,0,33.4,126.72,2007,9.0,4.0
5,87,2,103600.0,0,27.58,95.26,2007,7.0,12.0
5,87,2,21120.0,0,10.39,76.31,2007,7.0,16.0
5,219,0,13370.0,0,-16.66,31.24,2007,12.0,13.0
5,184,2,7950.0,0,7.72,81.4,2007,12.0,16.0
5,88,2,50690.0,0,-7.54,111.33,2007,12.0,25.0
5,114,2,200.0,0,3.89,102.93,2007,12.0,7.0
5,193,2,200.0,0,3.89,102.93,2007,12.0,7.0
11,56,1,200.0,1,18.93,-71.03,2007,12.0,11.0
11,83,1,200.0,1,18.93,-71.03,2007,12.0,11.0
11,153,1,200.0,1,18.93,-71.03,2007,12.0,11.0
5,99,0,6200.0,0,-3.61,38.69,2007,12.0,12.0
5,129,0,57570.0,0,-19.06,34.36,2007,12.0,11.0
5,113,0,200.0,0,-19.06,34.36,2007,11.0,11.0
5,129,0,200.0,0,-20.78,31.24,2007,12.0,19.0
5,219,0,53810.0,0,-20.78,31.24,2007,12.0,19.0
5,218,0,2180.0,0,-15.94,27.77,2007,12.0,30.0
5,21,1,218600.0,0,-17.66,-65.3,2007,12.0,15.0
2,24,1,4.9,2,-15.048,-44.231,2007,12.0,9.0
2,96,2,5.1,2,34.807,136.239,2007,4.0,15.0
12,150,2,200.0,0,12.77,124.05,2007,7.0,31.0
2,207,3,4.6,2,51.085,1.009,2007,4.0,28.0
2,102,2,5.6,2,40.288,72.985,2008,1.0,13.0
5,210,1,550.0,0,39.63,-119.2,2008,1.0,5.0
5,88,2,2180.0,0,-6.23,106.83,2008,1.0,2.0
5,9,4,41560.0,0,-28.44,152.87,2008,1.0,3.0
5,24,1,23020.0,0,-24.5,-47.88,2008,1.0,12.0
5,9,4,649500.0,0,-20.4,144.56,2008,1.0,14.0
2,52,0,5.9,2,-2.296,28.9,2008,2.0,3.0
2,159,0,5.9,2,-2.296,28.9,2008,2.0,3.0
5,24,1,290.0,0,-22.37,-43.13,2008,2.0,2.0
5,88,2,380.0,0,-6.19,106.85,2008,2.0,1.0
5,57,1,75830.0,0,-1.25,-79.66,2008,1.0,30.0
5,88,2,810.0,0,-7.71,112.91,2008,1.0,30.0
5,7,1,88120.0,0,-22.92,-61.66,2008,1.0,28.0
5,207,3,55860.0,0,52.92,-1.65,2008,1.0,15.0
5,4,0,200.0,0,-17.05,17.26,2008,1.0,31.0
5,131,0,200.0,0,-17.05,17.26,2008,1.0,30.0
5,149,1,456900.0,0,-10.11,-73.01,2008,2.0,4.0
5,88,2,400.0,0,-7.74,114.0,2008,2.0,8.0
11,112,0,230.0,1,-18.69,46.9,2008,2.0,17.0
5,150,2,21800.0,0,11.64,125.22,2008,2.0,12.0
5,88,2,200.0,0,-6.8,111.06,2008,2.0,11.0
5,98,2,51580.0,0,42.3,68.55,2008,2.0,20.0
5,9,4,44350.0,0,-22.46,149.54,2008,2.0,13.0
2,210,1,5.9,2,41.1444,-114.8721,2008,2.0,21.0
5,88,2,11590.0,0,-7.13,112.37,2008,3.0,1.0
5,41,1,200.0,0,2.68,-75.42,2008,3.0,11.0
5,99,0,12190.0,0,-3.38,38.17,2008,3.0,17.0
5,208,0,200.0,0,-3.38,38.17,2008,3.0,17.0
5,88,2,80090.0,0,0.54,101.78,2008,3.0,10.0
5,99,0,21280.0,0,2.83,37.67,2008,3.0,20.0
5,87,2,144300.0,0,10.76,78.72,2008,3.0,20.0
5,210,1,565200.0,0,36.23,-89.15,2008,3.0,17.0
5,184,2,43220.0,0,7.83,80.82,2008,3.0,12.0
5,32,1,22900.0,0,44.46,-77.47,2008,4.0,10.0
5,88,2,4200.0,0,4.65,95.77,2008,4.0,23.0
2,89,2,4.5,2,33.86,48.59,2008,5.0,1.0
12,7,1,200.0,0,-42.833,-72.65,2008,5.0,7.0
12,37,1,200.0,0,-42.833,-72.65,2008,5.0,2.0
10,88,2,200.0,0,-4.4831667,137.69,2008,5.0,5.0
2,38,2,7.9,2,31.002,103.322,2008,5.0,12.0
11,210,1,200.0,1,39.82,-92.33,2008,5.0,22.0
5,184,2,40670.0,0,7.18,80.77,2008,5.0,29.0
2,75,3,6.4,2,37.963,21.525,2008,6.0,8.0
5,37,1,110500.0,0,-35.86,-71.95,2008,5.0,19.0
11,17,1,200.0,1,17.3,-88.1,2008,5.0,31.0
2,96,2,6.9,2,39.03,140.881,2008,6.0,13.0
5,181,0,25970.0,0,-29.67,31.09,2008,6.0,19.0
5,87,2,350600.0,0,25.18,91.54,2008,6.0,11.0
11,38,2,200.0,1,23.542,112.3,2008,6.0,24.0
11,150,2,170.0,1,13.16,122.6,2008,6.0,21.0
5,187,1,30310.0,0,8.25,-64.88,2008,6.0,1.0
5,99,0,41800.0,0,-1.57,40.12,2008,6.0,13.0
5,215,2,5300.0,0,12.14,107.83,2008,5.0,11.0
5,38,2,43960.0,0,30.87,113.03,2008,5.0,2.0
5,32,1,3180.0,0,52.15,-81.96,2008,4.0,26.0
2,96,2,6.8,2,39.802,141.464,2008,7.0,23.0
11,38,2,155.0,1,32.56,114.41,2008,7.0,28.0
5,96,2,52420.0,0,35.88,136.38,2008,7.0,28.0
11,191,2,138.0,1,22.94,120.79,2008,7.0,18.0
2,38,2,6.0,2,32.756,105.494,2008,8.0,5.0
11,38,2,200.0,1,22.33,113.15,2008,8.0,8.0
11,193,2,200.0,1,17.31,103.66,2008,8.0,11.0
11,215,2,200.0,1,22.05,105.21,2008,8.0,8.0
5,144,2,32490.0,0,33.92,71.7,2008,8.0,2.0
2,38,2,6.0,2,25.039,97.697,2008,8.0,21.0
5,36,0,61820.0,0,9.233,18.35,2008,7.0,20.0
2,38,2,6.0,2,26.241,101.889,2008,8.0,30.0
5,89,2,200.0,0,53.26,-1.8,2008,9.0,9.0
5,207,3,47370.0,0,53.26,-1.8,2008,9.0,6.0
5,88,2,9851.0,0,0.68,122.52,2008,9.0,6.0
11,83,1,200.0,1,18.46,-71.69,2008,9.0,6.0
11,210,1,200.0,1,35.05,-90.45,2008,9.0,12.0
5,13,2,59250.0,0,21.02,90.21,2008,8.0,30.0
5,64,0,69940.0,0,7.585,33.31,2008,8.0,20.0
2,89,2,6.1,2,26.743,55.828,2008,9.0,10.0
2,88,2,5.2,2,-3.935,103.058,2008,9.0,9.0
5,87,2,75490.0,0,16.65,81.38,2008,9.0,5.0
5,38,2,24610.0,0,22.62,101.55,2008,8.0,7.0
5,89,2,7096.0,0,39.24,44.69,2008,8.0,7.0
11,215,2,200.0,1,21.9,104.59,2008,9.0,25.0
5,2,0,34760.0,0,3.48,32.24,2008,10.0,1.0
2,102,2,6.7,2,39.533,73.824,2008,10.0,5.0
2,38,2,6.3,2,29.807,90.35,2008,10.0,6.0
5,136,1,34760.0,0,12.0,-86.37,2008,9.0,24.0
2,158,3,5.8,2,43.372,46.254,2008,10.0,11.0
5,215,2,39090.0,0,14.9,107.46,2008,10.0,19.0
5,99,0,45130.0,0,4.0,41.9,2008,10.0,14.0
5,17,1,200.0,0,15.86,-89.28,2008,10.0,19.0
5,84,1,200.0,0,15.86,-89.28,2008,10.0,19.0
5,159,0,11140.0,0,-1.72,29.89,2008,10.0,1.0
5,87,2,80590.0,0,22.044,94.55,2008,8.0,30.0
5,128,0,146700.0,0,33.73,-4.77,2008,10.0,23.0
5,217,2,133200.0,0,15.54,49.78,2008,10.0,23.0
2,144,2,6.4,2,30.639,67.351,2008,10.0,28.0
5,215,2,74590.0,0,20.74,106.32,2008,10.0,27.0
5,180,0,111900.0,0,1.25,43.5,2008,11.0,3.0
5,64,0,25490.0,0,0.83,43.06,2008,11.0,16.0
5,99,0,37960.0,0,0.05,35.12,2008,11.0,10.0
5,38,2,29940.0,0,19.16,109.82,2008,10.0,10.0
5,182,0,81580.0,0,9.24,29.66,2008,10.0,3.0
5,90,2,3310.0,0,36.16,45.11,2008,9.0,10.0
11,9,4,200.0,1,-30.05,151.49,2008,11.0,15.0
5,47,1,35290.0,0,20.61,-76.17,2008,11.0,17.0
2,88,2,7.4,2,1.271,122.091,2008,11.0,16.0
5,150,2,21770.0,0,17.95,147.03,2008,11.0,21.0
12,41,1,200.0,0,2.93,-76.03,2008,11.0,20.0
5,193,2,15650.0,0,7.55,100.1,2008,11.0,20.0
5,24,1,103400.0,0,-25.1,-49.34,2008,11.0,22.0
5,45,1,200.0,0,8.57,80.8,2008,11.0,22.0
11,215,2,200.0,1,15.7,107.71,2008,11.0,17.0
5,41,1,195400.0,0,9.0,-74.23,2008,9.0,15.0
5,184,2,103400.0,0,8.57,80.8,2008,11.0,22.0
5,114,2,58100.0,0,4.94,101.8,2008,12.0,1.0
5,150,2,24110.0,0,17.2,121.8,2008,12.0,1.0
5,94,3,5425.0,0,41.83,13.16,2008,12.0,11.0
5,214,1,61390.0,0,9.77,-66.4,2008,11.0,20.0
5,9,4,105500.0,0,-21.56,147.03,2008,11.0,20.0
2,38,2,4.8,2,23.97,97.569,2008,12.0,25.0
5,82,1,40000.0,0,7.01,-58.58,2008,12.0,8.0
5,144,2,165900.0,0,30.74,72.63,2008,8.0,9.0
5,215,2,29580.0,0,18.89,107.06,2008,12.0,25.0
5,87,2,283800.0,0,27.5,89.79,2008,7.0,20.0
5,129,0,126000.0,0,-22.92,34.03,2008,12.0,28.0
5,114,2,67570.0,0,6.64,101.1,2008,12.0,28.0
5,193,2,200.0,0,6.64,101.1,2008,12.0,29.0
5,88,2,126700.0,0,-3.33,103.14,2008,12.0,26.0
5,210,1,35110.0,0,42.84,-123.77,2008,12.0,29.0
2,41,1,5.9,2,4.33,-73.764,2008,5.0,24.0
2,38,2,6.1,2,32.56,105.423,2008,5.0,25.0
2,88,2,7.7,2,-0.414,132.885,2009,1.0,3.0
2,45,1,6.1,2,10.165,-84.197,2009,1.0,8.0
5,65,4,348.0,0,-17.74,178.05,2009,1.0,8.0
11,67,3,171.0,1,42.24,-2.6,2009,1.0,23.0
5,157,3,19410.0,0,47.61,24.93,2009,1.0,23.0
5,56,1,14540.0,0,19.32,-70.14,2009,1.0,8.0
5,2,0,132800.0,0,29.61,0.71,2009,1.0,20.0
5,41,1,72650.0,0,4.36,-76.51,2009,2.0,15.0
5,4,0,61810.0,0,-9.84,14.15,2009,2.0,14.0
5,179,4,118000.0,0,-8.14,-158.66,2009,1.0,29.0
10,7,1,200.0,0,-24.15,-64.29,2009,2.0,9.0
5,56,1,15150.0,0,19.28,-70.08,2009,2.0,2.0
5,128,0,188200.0,0,32.65,-6.16,2009,2.0,1.0
11,112,0,210.0,1,-17.69,46.42,2009,1.0,19.0
11,9,4,200.0,1,-20.11,120.56,2009,1.0,26.0
2,38,2,5.1,2,43.236,80.893,2009,1.0,25.0
5,88,2,60610.0,0,-2.63,120.26,2009,1.0,27.0
5,22,3,20490.0,0,43.5,18.18,2009,2.0,1.0
5,4,0,200.0,0,16.68,-17.08,2009,3.0,1.0
5,218,0,200.0,0,-18.76,24.23,2009,2.0,27.0
5,210,1,39740.0,0,48.25,-97.03,2009,3.0,24.0
5,181,0,200.0,0,-29.41,30.82,2009,2.0,28.0
5,21,1,167900.0,0,-18.76,-62.62,2009,2.0,12.0
2,88,2,7.2,2,3.886,126.387,2009,2.0,11.0
5,88,2,19200.0,0,6.55,106.36,2009,3.0,26.0
2,94,3,6.3,2,42.334,13.334,2009,4.0,6.0
5,28,0,11710.0,0,-3.27,29.75,2009,4.0,12.0
2,0,2,5.2,2,34.185,70.076,2009,4.0,16.0
5,24,1,524400.0,0,-3.19,-45.43,2009,4.0,22.0
5,0,2,88520.0,0,33.07,63.59,2009,3.0,25.0
5,192,2,62470.0,0,38.51,71.29,2009,4.0,21.0
5,210,1,16460.0,0,37.66,-81.28,2009,5.0,3.0
5,32,1,20490.0,0,47.16,-67.63,2009,4.0,1.0
5,210,1,82060.0,0,30.84,-85.23,2009,4.0,6.0
5,83,1,5754.0,0,19.56,-72.33,2009,5.0,15.0
11,13,2,90.0,1,22.16,89.09,2009,5.0,25.0
2,84,1,7.3,2,16.731,-86.217,2009,5.0,28.0
5,49,3,200.0,0,50.13,18.03,2009,6.0,22.0
11,9,4,130.0,1,-29.05,152.73,2009,5.0,19.0
5,23,0,571700.0,0,-16.7,23.32,2009,5.0,10.0
5,79,1,200.0,0,13.42,-88.64,2009,6.0,19.0
5,136,1,200.0,0,13.42,-88.64,2009,6.0,19.0
5,38,2,82900.0,0,26.85,110.28,2009,6.0,19.0
5,74,0,9340.0,0,5.73,-0.1,2009,6.0,6.0
5,215,2,69860.0,0,20.67,104.3,2009,7.0,3.0
2,38,2,5.7,2,25.632,101.095,2009,7.0,9.0
5,181,0,32700.0,0,-33.07,18.92,2009,7.0,12.0
5,203,2,26430.0,0,41.0,40.04,2009,7.0,10.0
5,144,2,10370.0,0,24.99,67.19,2009,7.0,17.0
5,22,3,6061.0,0,44.87,17.48,2009,7.0,7.0
5,10,3,2765.0,0,47.4,15.71,2009,7.0,16.0
5,38,2,542100.0,0,25.31,112.71,2009,7.0,1.0
5,13,2,49030.0,0,25.26,89.09,2009,7.0,3.0
2,96,2,6.2,2,34.743,138.264,2009,8.0,10.0
5,174,0,200.0,0,8.57,-12.73,2009,8.0,13.0
5,144,2,30560.0,0,33.92,72.25,2009,8.0,15.0
5,170,0,8511.0,0,15.58,-16.81,2009,8.0,24.0
2,88,2,7.0,2,-7.782,107.297,2009,9.0,2.0
5,203,2,3167.0,0,41.09,38.95,2009,9.0,7.0
2,1,3,5.5,2,41.483,20.388,2009,9.0,7.0
5,123,1,34560.0,0,19.5,-99.25,2009,9.0,1.0
5,138,0,64200.0,0,12.26,5.68,2009,9.0,10.0
5,74,0,73810.0,0,8.85,-0.99,2009,9.0,17.0
5,38,2,81300.0,0,26.62,105.15,2009,8.0,28.0
5,186,0,59850.0,0,27.01,15.98,2009,8.0,16.0
2,72,2,6.0,2,42.66,43.443,2009,9.0,7.0
2,150,2,5.7,2,6.513,124.715,2009,9.0,18.0
2,20,2,8.1,2,-15.489,-172.095,2009,9.0,21.0
2,3,4,8.1,2,-15.489,-172.095,2009,9.0,29.0
2,197,4,8.1,2,-15.489,-172.095,2009,9.0,29.0
2,167,4,8.1,2,-15.489,-172.095,2009,9.0,29.0
2,88,2,6.6,2,-8.207,118.631,2009,9.0,30.0
11,150,2,145.0,1,17.57,121.42,2009,9.0,29.0
5,94,3,1227.0,0,38.11,15.73,2009,10.0,1.0
5,87,2,309700.0,0,15.71,78.23,2009,9.0,25.0
5,132,2,129700.0,0,29.81,80.76,2009,10.0,4.0
5,148,1,163300.0,0,-25.1,-56.27,2009,9.0,22.0
11,59,1,200.0,1,13.77,-89.0,2009,11.0,7.0
2,88,2,7.6,2,-0.72,99.867,2009,11.0,8.0
5,87,2,35730.0,0,11.47,77.85,2009,11.0,3.0
5,208,0,194800.0,0,-6.77,35.89,2009,11.0,10.0
2,89,2,5.0,2,27.334,56.202,2009,11.0,3.0
5,207,3,106600.0,0,54.0,-1.66,2009,11.0,19.0
5,184,2,200.0,0,7.07,79.94,2009,11.0,21.0
5,7,1,415000.0,0,-32.99,-59.05,2009,11.0,14.0
5,114,2,14490.0,0,5.74,100.96,2009,11.0,23.0
5,24,1,47900.0,0,-22.54,-43.12,2009,11.0,12.0
5,193,2,35580.0,0,18.48,-91.05,2009,11.0,7.0
5,123,1,44320.0,0,18.48,-91.05,2009,11.0,1.0
5,169,2,114600.0,0,40.23,21.24,2009,11.0,24.0
5,24,1,200.0,0,56.4778,31.26,2009,11.0,21.0
5,211,1,43490.0,0,-31.26,-56.48,2009,11.0,21.0
2,113,0,5.9,2,-9.948,33.878,2009,12.0,8.0
5,184,2,15650.0,0,8.02,81.27,2009,12.0,14.0
2,113,0,6.0,2,-10.108,33.818,2009,12.0,20.0
12,150,2,200.0,0,13.257,123.685,2009,12.0,14.0
5,9,4,149300.0,0,-31.17,151.75,2009,12.0,25.0
5,128,0,157500.0,0,31.81,-6.78,2009,12.0,25.0
5,208,0,167300.0,0,-6.8,36.02,2009,12.0,25.0
10,24,1,200.0,0,-22.98,-44.07,2009,12.0,31.0
5,132,2,200.0,0,28.0,85.71,2009,7.0,26.0
5,114,2,9062.0,0,4.99,102.36,2009,11.0,20.0
5,215,2,47600.0,0,15.19,108.02,2009,9.0,25.0
5,103,2,24950.0,0,17.83,104.79,2009,8.0,10.0
5,38,2,201100.0,0,30.86,101.18,2009,7.0,26.0
5,123,1,51610.0,0,16.45,-96.97,2009,7.0,14.0
5,149,1,135300.0,0,-12.99,-72.94,2009,12.0,15.0
2,192,2,5.4,2,38.245,71.467,2010,1.0,2.0
2,179,4,7.1,2,-8.783,157.354,2010,1.0,3.0
2,83,1,7.0,2,18.443,-72.571,2010,1.0,12.0
2,89,2,5.0,2,32.45,48.3,2010,1.0,16.0
5,58,0,226100.0,0,28.08,31.09,2010,1.0,18.0
5,21,1,102200.0,0,-17.83,-63.6,2010,1.0,1.0
2,210,1,6.5,2,40.652,-124.6925,2010,1.0,10.0
5,146,1,23340.0,0,9.11,-82.64,2010,1.0,11.0
5,123,1,122621.0,0,19.94,-99.0,2010,1.0,26.0
2,38,2,5.1,2,30.268,105.668,2010,1.0,30.0
5,149,1,305800.0,0,-4.68,-78.29,2010,2.0,10.0
5,9,4,311900.0,0,-32.42,149.59,2010,2.0,13.0
5,56,1,2791.0,0,19.63,-70.56,2010,2.0,14.0
5,152,3,483.0,0,32.76,-16.97,2010,2.0,20.0
2,38,2,5.2,2,25.523,101.903,2010,2.0,25.0
2,37,1,8.8,2,-36.122,-72.898,2010,2.0,27.0
5,83,1,3836.0,0,18.42,73.77,2010,2.0,18.0
2,203,2,6.1,2,38.864,39.986,2010,3.0,8.0
5,99,0,40320.0,0,0.01,34.5,2010,3.0,1.0
5,129,0,26370.0,0,-19.96,34.25,2010,2.0,22.0
5,171,3,46900.0,0,44.47,21.14,2010,3.0,1.0
5,9,4,431681.0,0,-26.21,147.95,2010,2.0,28.0
5,4,0,274100.0,0,-16.11,17.25,2010,3.0,1.0
5,98,2,323800.0,0,45.08,79.21,2010,2.0,15.0
5,180,0,200.0,0,9.2,45.49,2010,3.0,1.0
5,131,0,64630.0,0,-18.69,23.23,2010,3.0,24.0
5,24,1,200.0,0,-22.44,-43.33,2010,4.0,4.0
2,123,1,7.2,2,32.2861667,-115.2953333,2010,4.0,4.0
5,210,1,240301.0,0,39.48,-74.87,2010,3.0,27.0
2,38,2,6.9,2,33.165,96.548,2010,4.0,14.0
12,86,3,200.0,0,63.62959,-19.64,2010,3.0,15.0
5,0,2,65810.0,0,34.38,62.25,2010,5.0,5.0
5,217,2,38890.0,0,14.03,44.31,2010,5.0,5.0
11,210,1,320.0,1,36.07,-87.28,2010,4.0,30.0
5,184,2,19210.0,0,6.83,80.59,2010,5.0,14.0
12,79,1,200.0,0,14.381,-90.601,2010,5.0,27.0
5,210,1,200.0,0,34.58,-95.1,2010,6.0,10.0
5,150,2,22340.0,0,6.78,125.3,2010,5.0,28.0
5,67,3,7700.0,0,43.5,6.6,2010,6.0,15.0
2,88,2,7.0,2,-2.174,136.543,2010,6.0,16.0
12,57,1,200.0,0,-1.467,-78.442,2010,5.0,28.0
5,205,3,34500.0,0,48.59,24.79,2010,6.0,27.0
5,87,2,147437.0,0,30.18,74.77,2010,7.0,5.0
5,156,3,12210.0,0,46.82,27.97,2010,7.0,5.0
5,56,1,15730.0,0,19.25,-70.39,2010,7.0,15.0
5,107,0,200.0,0,6.01,-7.2,2010,6.0,25.0
5,144,2,9326.0,0,36.03,72.08,2010,6.0,22.0
5,87,2,63170.0,0,15.22,79.48,2010,5.0,18.0
5,99,0,196100.0,0,1.5,36.0,2010,5.0,8.0
5,144,2,14180.0,0,30.51,66.95,2010,7.0,21.0
5,169,2,346200.0,0,21.51,41.92,2010,7.0,23.0
5,27,0,160800.0,0,12.94,-1.39,2010,7.0,21.0
5,36,0,38021.0,0,11.385,14.63,2010,8.0,15.0
5,88,2,106460.0,0,-2.14,114.97,2010,7.0,23.0
11,150,2,120.0,1,17.1,121.47,2010,7.0,12.0
5,186,0,100400.0,0,18.7,36.7,2010,7.0,10.0
5,217,2,176300.0,0,16.73,47.92,2010,7.0,10.0
11,215,2,200.0,1,22.11,105.95,2010,7.0,23.0
5,132,2,132600.0,0,28.35,84.78,2010,7.0,25.0
5,169,2,56000.0,0,20.61,41.17,2010,7.0,10.0
2,89,2,5.5,2,35.221,59.317,2010,7.0,30.0
5,0,2,176799.0,0,35.21,68.85,2010,7.0,27.0
5,51,2,51190.0,0,39.59,125.71,2010,7.0,27.0
5,87,2,145000.0,0,33.53,76.12,2010,8.0,6.0
5,137,0,619100.0,0,13.6,14.0,2010,8.0,1.0
5,51,2,305538.0,0,40.365,124.97,2010,8.0,21.0
5,87,2,12555.0,0,26.235,92.25,2010,9.0,5.0
12,88,2,200.0,0,3.17,98.392,2010,8.0,29.0
2,135,4,7.0,2,-43.522,171.83,2010,9.0,4.0
5,9,4,7093.0,0,-38.07,143.32,2010,9.0,1.0
11,191,2,220.0,1,22.429,120.7,2010,9.0,18.0
5,87,2,38537.0,0,26.73,82.84,2010,9.0,18.0
5,87,2,10843.0,0,25.965,76.05,2010,9.0,9.0
11,95,1,65.0,1,18.19,-77.29,2010,9.0,29.0
5,138,0,8694.0,0,12.78,4.5,2010,9.0,13.0
5,88,2,200.0,0,-1.22,132.81,2010,10.0,2.0
11,210,1,200.0,1,28.89,-97.06,2010,9.0,7.0
5,120,0,11046.0,0,16.245,-7.65,2010,9.0,19.0
5,193,2,3873.0,0,15.03,102.2,2010,10.0,10.0
2,88,2,7.8,2,-3.487,100.082,2010,10.0,25.0
11,83,1,130.0,1,20.48,-75.88,2010,11.0,4.0
5,215,2,33659.0,0,12.52,108.9,2010,10.0,29.0
2,171,3,5.5,2,43.76,20.73,2010,11.0,3.0
5,45,1,200.0,0,9.074,-83.31,2010,11.0,1.0
5,88,2,23685.0,0,-8.672,121.6,2010,11.0,2.0
5,94,3,18725.0,0,45.13,11.14,2010,11.0,8.0
5,184,2,11880.0,0,7.275,80.3,2010,11.0,10.0
5,150,2,15301.0,0,17.71,121.8,2010,11.0,1.0
2,89,2,4.9,2,33.37,48.94,2010,11.0,6.0
5,215,2,45583.59,0,15.1821,108.8,2010,11.0,12.0
5,16,3,8458.0,0,50.85,4.35,2010,11.0,11.0
12,150,2,200.0,0,12.77,124.05,2010,11.0,9.0
5,128,0,180760.0,0,9.77,-66.93,2010,11.0,25.0
5,214,1,180760.0,0,9.77,-66.93,2010,11.0,25.0
5,75,3,27315.0,0,40.106,21.46,2010,11.0,29.0
5,9,4,832001.0,0,-29.83,147.38,2010,11.0,27.0
5,87,2,57474.0,0,9.88,78.47,2010,11.0,15.0
2,89,2,6.7,2,28.412,59.18,2010,12.0,20.0
5,183,3,22049.0,0,37.811,-5.87,2010,12.0,6.0
5,210,1,355567.0,0,38.8497,-120.73,2010,12.0,19.0
5,9,4,911256.0,0,-24.77,147.63,2010,12.0,25.0
5,150,2,10773.0,0,8.132,125.57,2010,12.0,24.0
5,146,1,23750.0,0,8.88,-78.59,2010,12.0,8.0
2,191,2,6.3,2,22.918,120.795,2010,3.0,4.0
2,0,2,5.6,2,35.633,67.658,2010,4.0,18.0
2,89,2,5.8,2,35.49,54.47,2010,8.0,27.0
2,38,2,4.9,2,27.197,103.005,2010,8.0,29.0
5,13,2,29265.0,0,24.21,91.03,2010,10.0,1.0
5,114,2,62167.0,0,-4.05208,104.67,2011,1.0,28.0
5,150,2,3623.0,0,9.40044,125.78,2011,1.0,25.0
5,169,2,30361.0,0,21.3521,39.94,2011,1.0,25.0
5,88,2,10402.0,0,-6.8436,108.26,2011,1.0,16.0
5,184,2,22133.0,0,7.603,81.25,2011,1.0,5.0
2,38,2,4.8,2,24.693,97.943,2011,2.0,1.0
5,21,1,122139.0,0,-16.466,-65.6,2011,2.0,14.0
5,0,2,63337.0,0,35.0754,63.99,2011,2.0,10.0
5,106,0,19634.0,0,-29.5025,28.08,2011,2.0,1.0
5,150,2,44521.0,0,7.0,124.865,2011,2.0,1.0
5,184,2,19891.0,0,8.513,80.53,2011,2.0,1.0
2,135,4,6.1,2,-43.583,172.68,2011,2.0,22.0
2,38,2,5.5,2,24.727,97.957,2011,3.0,10.0
5,9,4,114051.0,0,-18.939,122.73,2011,3.0,14.0
5,131,0,102874.0,0,-18.188,20.64,2011,3.0,1.0
2,88,2,9.1,2,38.297,142.373,2011,3.0,11.0
2,96,2,9.1,2,38.297,142.373,2011,3.0,11.0
5,193,2,33575.0,0,8.666,99.28,2011,3.0,23.0
5,24,1,12444.0,0,-23.783,-48.16,2011,3.0,12.0
5,150,2,25963.0,0,8.104,125.091,2011,3.0,14.0
5,88,2,41506.0,0,4.211,97.09,2011,3.0,10.0
2,38,2,6.9,2,20.687,99.822,2011,3.0,24.0
2,130,2,6.9,2,20.687,99.822,2011,3.0,24.0
2,193,2,6.9,2,20.687,99.822,2011,3.0,24.0
5,181,0,124636.0,0,-31.055,28.41,2011,1.0,1.0
12,150,2,200.0,0,12.77,124.05,2011,2.0,21.0
2,144,2,7.2,2,28.777,63.951,2011,1.0,18.0
2,96,2,7.1,2,38.276,141.588,2011,4.0,7.0
5,41,1,236086.0,0,5.69,-74.15,2011,4.0,15.0
5,24,1,306993.0,0,-28.28,-52.91,2011,4.0,21.0
2,183,3,5.1,2,37.699,-1.672,2011,5.0,11.0
5,210,1,239421.0,0,34.1,-90.83,2011,5.0,1.0
2,203,2,5.8,2,39.149,29.103,2011,5.0,19.0
5,98,2,213195.0,0,51.448,53.67,2011,4.0,9.0
5,56,1,1115.0,0,18.59,-71.99,2011,6.0,15.0
5,150,2,71700.0,0,8.306,125.21,2011,5.0,31.0
12,7,1,200.0,0,-40.59,-72.12,2011,6.0,4.0
12,37,1,200.0,0,-40.59,-72.12,2011,6.0,4.0
5,24,1,200669.0,0,-8.65047,-38.11,2011,7.0,15.0
5,138,0,103000.0,0,12.5947,8.64,2011,7.0,15.0
5,132,2,46388.0,0,28.9081,82.28,2011,7.0,2.0
5,103,2,36797.0,0,19.3801,101.56,2011,6.0,23.0
5,150,2,6361.0,0,7.398,126.05,2011,6.0,28.0
5,38,2,431896.0,0,27.89,14.47,2011,6.0,1.0
11,123,1,200.0,1,22.11,-98.75,2011,6.0,30.0
2,102,2,6.1,2,40.081,71.41,2011,7.0,19.0
2,192,2,6.1,2,40.081,71.41,2011,7.0,19.0
2,212,2,6.1,2,40.081,71.41,2011,7.0,19.0
5,13,2,19191.0,0,22.564,89.05,2011,7.0,21.0
5,74,0,55103.0,0,7.8439,-0.45,2011,7.0,22.0
5,193,2,96785.0,0,17.038,102.82,2011,8.0,5.0
5,87,2,28684.0,0,22.306,88.34,2011,8.0,10.0
11,210,1,200.0,1,40.186,-70.06,2011,8.0,27.0
5,138,0,20013.0,0,8.7372,4.47,2011,8.0,26.0
5,144,2,32667.0,0,25.012,69.07,2011,8.0,12.0
2,20,2,6.9,2,27.73,88.155,2011,9.0,18.0
2,38,2,6.9,2,27.73,88.155,2011,9.0,18.0
2,87,2,6.9,2,27.73,88.155,2011,9.0,18.0
2,132,2,6.9,2,27.73,88.155,2011,9.0,18.0
5,30,2,13466.0,0,12.004,105.5,2011,8.0,10.0
5,87,2,27751.0,0,20.651,86.0,2011,9.0,23.0
2,79,1,5.6,2,14.186,-90.238,2011,9.0,19.0
5,204,0,37846.0,0,1.664,33.67,2011,8.0,20.0
5,41,1,57194.0,0,4.64,-73.94,2011,9.0,1.0
2,38,2,5.1,2,43.015,88.247,2011,6.0,8.0
2,135,4,5.9,2,-43.564,172.743,2011,6.0,13.0
2,88,2,6.7,2,2.965,97.893,2011,9.0,5.0
2,203,2,7.1,2,38.721,43.508,2011,10.0,23.0
5,2,0,288785.0,0,29.565,1.7,2011,10.0,1.0
2,38,2,5.6,2,43.648,82.437,2011,11.0,1.0
5,74,0,9829.0,0,5.5847,-0.95,2011,10.0,26.0
5,94,3,200.0,0,44.422,9.33,2011,10.0,26.0
5,137,0,74520.0,0,14.951,4.555,2011,8.0,10.0
5,87,2,50117.0,0,26.59,92.18,2011,8.0,15.0
5,99,0,20554.0,0,0.1257,35.57,2011,8.0,15.0
5,87,2,40941.0,0,26.376,86.24,2011,8.0,15.0
5,210,1,26044.0,0,35.806,-79.37,2011,8.0,6.0
5,155,2,17840.0,0,37.851,126.87,2011,7.0,27.0
5,24,1,129795.0,0,-30.34,-52.64,2011,7.0,23.0
5,87,2,85509.0,0,28.524,80.93,2011,7.0,23.0
2,149,1,6.9,2,-14.438,-75.966,2011,10.0,28.0
2,150,2,4.9,2,7.904,125.195,2011,11.0,7.0
2,203,2,5.6,2,38.429,43.229,2011,11.0,9.0
5,150,2,3076.0,0,8.085,125.93,2011,11.0,9.0
5,99,0,9789.0,0,0.385,36.12,2011,11.0,29.0
12,88,2,200.0,0,1.358333,124.79,2011,7.0,11.0
2,123,1,6.5,2,17.986,-99.789,2011,12.0,11.0
11,150,2,200.0,1,8.526,124.88,2011,12.0,15.0
5,4,0,45582.0,0,-6.284,15.46,2011,12.0,15.0
5,208,0,5900.0,0,-6.917,39.04,2011,12.0,20.0
12,150,2,200.0,0,14.002,120.993,2011,3.0,17.0
12,88,2,200.0,0,0.8,127.33,2011,12.0,4.0
5,88,2,17351.0,0,-4.39,137.83,2011,4.0,1.0
2,38,2,5.6,2,39.955,77.028,2011,8.0,11.0
5,88,2,2457.47,0,-7.379,110.24,2011,12.0,18.0
5,208,0,137262.0,0,-6.647,37.56,2011,4.0,9.0
5,214,1,37648.0,0,7.677,-64.77,2011,4.0,15.0
2,149,1,6.4,2,-14.168,-75.635,2012,1.0,30.0
5,65,4,200.0,0,-17.784,178.08,2012,1.0,22.0
5,9,4,761154.0,0,-21.71,146.64,2012,1.0,22.0
2,150,2,6.7,2,9.999,123.206,2012,2.0,6.0
5,26,3,47136.84,0,42.555,24.26,2012,2.0,1.0
5,32,1,544053.0,0,46.5994,-67.5,2012,3.0,25.0
5,65,4,200.0,0,-17.798,178.02,2012,3.0,29.0
5,37,1,88870.6,0,-52.8256,-69.41,2012,3.0,1.0
5,57,1,39793.0,0,-0.5987,-79.5,2012,1.0,1.0
5,208,0,6851.66,0,-1.83097,34.79,2012,3.0,1.0
5,24,1,172063.0,0,-10.4897,-67.99,2012,2.0,20.0
5,150,2,39825.28,0,8.22392,125.27,2012,2.0,20.0
5,75,3,9251.0,0,39.8677,21.01,2012,2.0,3.0
2,88,2,8.6,2,2.327,93.063,2012,4.0,11.0
5,83,1,35151.93,0,19.4433,-72.58,2012,4.0,8.0
2,123,1,7.4,2,16.493,-98.231,2012,3.0,20.0
2,37,1,7.1,2,-35.2,-72.217,2012,3.0,25.0
5,159,0,43617.54,0,-1.40095,29.36,2012,4.0,9.0
5,38,2,105607.0,0,32.452,106.493,2012,5.0,8.0
2,94,3,6.0,2,44.89,11.23,2012,5.0,20.0
5,0,2,21754.0,0,34.2696,64.19,2012,5.0,18.0
2,192,2,5.7,2,38.612,70.354,2012,5.0,13.0
2,26,3,5.6,2,42.645,22.968,2012,5.0,22.0
2,94,3,5.8,2,44.851,11.086,2012,5.0,29.0
2,0,2,5.7,2,36.023,69.351,2012,6.0,11.0
5,72,2,15849.0,0,42.0681,44.52,2012,5.0,12.0
5,99,0,12660.17,0,-0.191962,35.19,2012,4.0,20.0
5,150,2,23515.69,0,6.873,124.78,2012,6.0,9.0
5,13,2,9560.0,0,22.172,92.1,2012,6.0,24.0
11,210,1,200.0,1,28.9635,-82.5,2012,6.0,22.0
5,210,1,20116.0,0,30.3632,-58.51,2012,6.0,9.0
5,191,2,18940.0,0,24.0587,120.94,2012,6.0,9.0
5,87,2,254935.0,0,26.566,92.44,2012,6.0,26.0
5,0,2,14162.0,0,37.0528,70.0,2012,5.0,12.0
5,132,2,4395.0,0,28.524,83.83,2012,5.0,5.0
5,41,1,74036.0,0,3.606,-73.07,2012,4.0,20.0
5,169,2,233126.0,0,20.5946,51.01,2012,4.0,14.0
2,38,2,5.5,2,27.767,100.781,2012,6.0,24.0
2,11,2,5.6,2,41.549,46.789,2012,5.0,7.0
2,89,2,6.4,2,38.329,46.826,2012,8.0,11.0
11,83,1,200.0,1,19.1356,-72.28,2012,8.0,25.0
11,210,1,200.0,1,30.503,-89.35,2012,8.0,28.0
5,170,0,79242.0,0,14.46,-15.49,2012,8.0,15.0
5,130,2,219814.0,0,16.5919,97.85,2012,7.0,15.0
2,150,2,5.7,2,7.905,125.044,2012,9.0,4.0
5,87,2,31390.0,0,30.1135,78.85,2012,8.0,4.0
2,38,2,6.3,2,43.433,84.7,2012,6.0,29.0
2,45,1,7.6,2,10.085,-85.315,2012,9.0,5.0
2,38,2,5.5,2,27.575,103.983,2012,9.0,7.0
5,215,2,24179.0,0,38.19,126.24,2012,9.0,2.0
5,87,2,37710.0,0,31.3,76.85,2012,9.0,16.0
5,144,2,23036.0,0,28.04,68.77,2012,8.0,15.0
5,193,2,44011.0,0,17.09,99.64,2012,8.0,15.0
5,204,0,57981.0,0,2.65,32.72,2012,8.0,20.0
5,87,2,42597.0,0,26.8,93.63,2012,9.0,19.0
2,38,2,4.9,2,32.978,119.593,2012,7.0,20.0
2,88,2,6.3,2,-1.315,120.096,2012,8.0,18.0
2,79,1,7.4,2,13.988,-91.895,2012,11.0,7.0
11,51,2,200.0,1,38.19,126.24,2012,8.0,28.0
2,130,2,6.8,2,23.005,95.885,2012,11.0,11.0
11,87,2,200.0,1,11.82,78.08,2012,11.0,4.0
2,150,2,7.6,2,10.811,126.638,2012,8.0,31.0
5,158,3,10482.0,0,42.33,47.59,2012,10.0,9.0
5,207,3,8507.0,0,54.04,-2.13,2012,9.0,23.0
5,94,3,200.0,0,43.1605,12.41,2012,11.0,11.0
5,181,0,14489.0,0,-32.93,26.56,2012,10.0,24.0
5,89,2,11490.0,0,36.53,54.26,2012,10.0,12.0
5,180,0,12753.0,0,4.94,44.89,2012,11.0,21.0
5,182,0,138743.0,0,9.56,29.58,2012,9.0,7.0
5,144,2,98264.0,0,35.03,73.52,2012,8.0,23.0
5,182,0,456058.0,0,9.69,30.21,2012,8.0,1.0
5,38,2,92141.0,0,31.41,113.04,2012,7.0,9.0
2,89,2,5.8,2,33.506,59.571,2012,12.0,5.0
2,38,2,5.3,2,38.745,88.098,2012,12.0,7.0
5,184,2,49084.0,0,7.976,80.77,2012,12.0,17.0
2,11,2,5.1,2,41.439,46.789,2012,5.0,18.0
5,207,3,200.0,0,53.45,-1.19,2012,11.0,21.0
5,7,1,377212.0,0,-27.5,-59.63,2012,11.0,20.0
2,89,2,5.1,2,36.288,58.835,2012,1.0,19.0
2,38,2,5.9,2,39.383,81.307,2012,3.0,9.0
5,88,2,1746.0,0,-6.17945,106.73,2013,1.0,17.0
5,129,0,83155.21,0,-24.8006,32.68,2013,1.0,15.0
5,113,0,20095.7,0,-15.6178,35.02,2013,1.0,15.0
2,88,2,6.1,2,4.927,95.907,2013,1.0,22.0
2,179,4,8.0,2,-10.799,165.114,2013,2.0,6.0
5,88,2,67600.0,0,-0.86702,121.88,2013,1.0,3.0
5,184,2,26063.0,0,7.59777,80.92,2013,1.0,8.0
5,185,2,29142.0,0,32.83,36.45,2013,1.0,8.0
5,149,1,577782.56,0,-20.3461,-69.09,2013,1.0,1.0
2,41,1,6.9,2,1.135,-77.393,2013,2.0,9.0
5,140,3,3700.4,0,42.0408,21.58,2013,2.0,24.0
5,88,2,28873.67,0,1.0256,124.51,2013,2.0,15.0
5,121,0,1679.67,0,-20.2305,57.52,2013,3.0,30.0
2,38,2,5.2,2,25.98,99.812,2013,3.0,3.0
2,89,2,6.4,2,28.428,51.593,2013,4.0,9.0
2,89,2,7.7,2,28.033,61.996,2013,4.0,16.0
2,144,2,7.7,2,28.033,61.996,2013,4.0,16.0
2,38,2,6.6,2,30.308,102.888,2013,4.0,20.0
5,7,1,18135.4,0,-34.4809,-58.68,2013,4.0,1.0
2,85,3,4.4,2,47.624,20.227,2013,4.0,14.0
5,99,0,73170.41,0,2.46174,36.72,2013,3.0,10.0
2,96,2,5.8,2,34.369,134.828,2013,4.0,12.0
2,87,2,5.7,2,33.061,75.863,2013,5.0,1.0
2,0,2,5.5,2,34.526,70.22,2013,4.0,24.0
5,0,2,14653.47,0,36.9291,68.85,2013,4.0,25.0
5,32,1,307926.0,0,51.24,-109.64,2013,6.0,20.0
5,87,2,131743.41,0,32.714,76.61,2013,6.0,12.0
5,38,2,84761.74,0,23.6387,114.46,2013,5.0,12.0
5,73,3,241203.7,0,49.1358,12.11,2013,5.0,28.0
2,191,2,6.2,2,23.789,121.141,2013,6.0,2.0
5,148,1,131222.52,0,-24.146,-57.65,2013,6.0,20.0
2,88,2,6.1,2,4.645,96.665,2013,7.0,2.0
2,38,2,5.9,2,34.512,104.262,2013,7.0,22.0
5,51,2,21695.38,0,39.6151,126.32,2013,7.0,12.0
5,38,2,419827.15,0,30.4563,104.02,2013,7.0,7.0
11,38,2,200.0,1,25.8633,118.14,2013,7.0,13.0
5,130,2,125250.85,0,18.3122,98.16,2013,7.0,25.0
2,135,4,6.5,2,-41.704,174.337,2013,7.0,21.0
11,38,2,200.0,1,22.7696,113.69,2013,8.0,15.0
5,38,2,93531.74,0,35.9161,100.18,2013,8.0,18.0
5,150,2,50412.4,0,16.3191,121.14,2013,8.0,13.0
5,144,2,462763.09,0,28.7404,69.11,2013,8.0,7.0
5,210,1,123143.44,0,38.2138,-94.15,2013,8.0,5.0
5,158,3,102479.27,0,50.0043,128.42,2013,8.0,1.0
5,186,0,645399.78,0,13.6883,28.99,2013,8.0,1.0
5,99,0,9047.26,0,1.66076,35.21,2013,8.0,5.0
5,87,2,38019.26,0,27.387,94.92,2013,6.0,23.0
5,210,1,33907.85,0,28.899,-98.89,2013,5.0,25.0
5,180,0,243476.26,0,2.16964,43.66,2013,5.0,1.0
5,210,1,493136.77,0,38.8278,-88.64,2013,4.0,22.0
5,158,3,2432.33,0,44.3289,39.25,2013,2.0,20.0
5,99,0,71113.05,0,0.058024,36.52,2013,1.0,13.0
2,38,2,5.6,2,28.2425,99.3502,2013,8.0,31.0
5,157,3,7171.0,0,45.749,27.553,2013,9.0,11.0
5,210,1,100404.0,0,38.002,-105.143,2013,9.0,12.0
5,30,2,52283.0,0,12.658,105.084,2013,9.0,24.0
2,144,2,7.7,2,26.951,65.5009,2013,9.0,24.0
2,150,2,7.1,2,9.8796,124.1167,2013,10.0,15.0
2,79,1,6.4,2,14.6056,-92.1207,2013,9.0,7.0
2,149,1,7.1,2,-15.8385,-74.5112,2013,9.0,25.0
5,88,2,31023.66,0,2.954,99.677,2013,10.0,7.0
5,193,2,312091.0,0,13.082,101.694,2013,9.0,30.0
2,88,2,5.4,2,5.1033,95.9709,2013,10.0,22.0
11,180,0,200.0,1,21.68,57.43,2013,11.0,8.0
5,94,3,15699.0,0,40.3,9.01,2013,11.0,18.0
5,215,2,48985.0,0,15.58,107.7,2013,11.0,14.0
5,169,2,200.0,0,27.41,44.81,2013,11.0,16.0
2,38,2,5.3,2,44.5993,124.1681,2013,11.0,22.0
2,144,2,6.8,2,27.1825,65.5052,2013,9.0,28.0
5,210,1,38936.0,0,30.66,-96.01,2013,10.0,31.0
5,47,1,7627.3,0,22.9043,-81.4,2013,12.0,1.0
2,89,2,5.8,2,29.32,51.31,2013,11.0,28.0
5,166,1,830.23,0,13.9188,-60.99,2013,12.0,23.0
5,193,2,38676.0,0,7.2182,100.39,2013,11.0,20.0
5,137,0,65791.14,0,15.0103,13.2,2013,11.0,3.0
5,114,2,106697.53,0,3.58444,102.36,2013,12.0,1.0
5,88,2,22524.63,0,4.48013,97.29,2013,12.0,28.0
12,88,2,200.0,0,3.17,98.392,2013,9.0,15.0
5,24,1,200.0,0,-18.9538,-41.94,2013,12.0,17.0
2,38,2,5.1,2,31.066,110.412,2013,12.0,16.0
5,210,1,16069.91,0,37.5597,-86.79,2013,12.0,22.0
2,191,2,5.9,2,23.828,121.215,2013,3.0,27.0
2,38,2,5.1,2,25.953,99.782,2013,4.0,17.0
5,207,3,126149.79,0,53.2732,-1.51,2013,12.0,27.0
2,38,2,5.0,2,40.253,78.944,2013,12.0,1.0
5,94,3,200.0,0,43.9958,7.1,2014,1.0,18.0
5,67,3,82989.45,0,43.9958,7.1,2014,1.0,19.0
10,21,1,200.0,0,-13.3888,-64.01,2014,1.0,1.0
12,88,2,200.0,0,3.17,98.392,2014,2.0,1.0
2,75,3,6.1,2,38.2082,20.4528,2014,1.0,26.0
2,89,2,5.2,2,27.1502,54.4482,2014,1.0,2.0
5,88,2,35769.22,0,-6.6324,107.71,2014,1.0,8.0
5,28,0,3237.42,0,-4.14041,29.65,2014,2.0,19.0
12,88,2,200.0,0,-7.93,112.308,2014,2.0,14.0
2,38,2,6.9,2,35.9053,82.5864,2014,2.0,12.0
5,179,4,5480.75,0,-9.678,160.34,2014,4.0,1.0
2,37,1,8.2,2,-19.61,-70.769,2014,4.0,1.0
5,118,4,34.84,0,7.30951,168.73,2014,3.0,3.0
2,136,1,6.6,2,11.642,-85.8779,2014,4.0,11.0
5,208,0,18498.39,0,7.19301,38.97,2014,4.0,18.0
5,98,2,213897.0,0,48.4049,65.59,2014,3.0,23.0
2,123,1,7.2,2,17.397,-100.9723,2014,4.0,18.0
5,26,3,200.0,0,44.0617,24.49,2014,4.0,17.0
5,157,3,200.0,0,44.0617,24.49,2014,4.0,19.0
5,171,3,200.0,0,44.0617,24.49,2014,4.0,16.0
2,38,2,5.4,2,28.174,103.619,2014,4.0,4.0
5,0,2,83722.34,0,35.834,66.43,2014,4.0,24.0
5,7,1,69876.78,0,-38.3652,-70.3,2014,4.0,1.0
5,148,1,6829.57,0,-25.2205,-57.58,2014,2.0,25.0
2,193,2,6.1,2,19.6557,99.6696,2014,5.0,5.0
2,38,2,5.8,2,24.974,97.844,2014,5.0,24.0
2,75,3,6.9,2,40.2893,25.3889,2014,5.0,24.0
2,203,2,6.9,2,40.2893,25.3889,2014,5.0,24.0
2,38,2,5.9,2,24.9997,97.845,2014,5.0,30.0
2,79,1,6.9,2,14.724,-92.4614,2014,7.0,7.0
2,123,1,6.9,2,14.724,-92.4614,2014,7.0,7.0
2,42,0,4.8,2,-12.228,44.3,2014,3.0,12.0
2,38,2,6.2,2,27.1891,103.4086,2014,8.0,3.0
2,89,2,6.0,2,32.5827,47.7037,2014,8.0,18.0
2,2,0,5.5,2,36.8561,3.181,2014,8.0,1.0
2,181,0,5.4,2,-26.9899,26.7048,2014,8.0,5.0
2,210,1,6.02,2,38.2151667,-122.3123333,2014,8.0,24.0
12,150,2,200.0,0,13.257,123.685,2014,9.0,16.0
2,149,1,4.9,2,-13.843,-71.695,2014,9.0,27.0
12,96,2,200.0,0,35.893,137.48,2014,9.0,27.0
2,38,2,6.1,2,23.3834,100.4702,2014,10.0,7.0
2,38,2,5.9,2,30.3398,101.7374,2014,11.0,22.0
2,96,2,6.2,2,36.6408,137.8875,2014,11.0,22.0
5,21,1,137629.7,0,-16.4638,-63.77,2014,10.0,15.0
2,38,2,5.6,2,23.3577,100.533,2014,12.0,6.0
5,113,0,485939.4,0,-18.795,35.36,2015,1.0,1.0
11,208,0,200.0,1,-4.31417,33.75,2015,3.0,3.0
2,38,2,5.1,2,44.133,85.568,2015,2.0,22.0
2,41,1,6.2,2,6.7757,-72.9875,2015,3.0,10.0
5,4,0,102552.79,0,-8.81664,13.68,2015,3.0,9.0
5,4,0,12133.31,0,-12.1145,13.88,2015,3.0,9.0
5,37,1,154773.2,0,-22.3617,-68.89,2015,3.0,25.0
5,87,2,70287.98,0,33.1767,76.41,2015,3.0,20.0
5,83,1,3672.0,0,18.695,-72.19,2015,4.0,4.0
2,38,2,5.2,2,23.566,98.854,2015,3.0,1.0
5,88,2,7001.53,0,-6.55868,108.4,2015,3.0,15.0
2,13,2,7.8,2,28.2305,84.7314,2015,4.0,25.0
2,38,2,7.8,2,28.2305,84.7314,2015,4.0,25.0
2,87,2,7.8,2,28.2305,84.7314,2015,4.0,25.0
2,132,2,7.8,2,28.23,84.731,2015,4.0,25.0
5,144,2,21148.0,0,33.5131,71.89,2015,4.0,26.0
5,99,0,20432.0,0,-0.795,36.25,2015,4.0,27.0
10,41,1,200.0,0,5.70693,-74.5,2015,5.0,17.0
2,38,2,7.3,2,27.8087,86.0655,2015,5.0,12.0
2,87,2,7.3,2,27.8087,86.0655,2015,5.0,12.0
2,132,2,7.3,2,27.8087,86.0655,2015,5.0,12.0
5,38,2,200.0,0,27.0326,114.98,2015,5.0,13.0
5,192,2,32595.0,0,37.8142,73.26,2015,5.0,11.0
5,157,3,197785.0,0,46.8147,22.86,2015,5.0,27.0
5,37,1,224189.0,0,-44.1033,-72.92,2015,5.0,17.0
5,208,0,194128.0,0,-5.06017,36.89,2015,5.0,7.0
5,135,4,7484.0,0,-41.092,175.35,2015,5.0,13.0
5,87,2,14179.0,0,10.7121,79.18,2015,5.0,17.0
5,24,1,450353.0,0,-6.97805,-67.8,2015,4.0,1.0
5,210,1,849464.6,0,34.1936,-97.99,2015,5.0,23.0
2,114,2,6.0,2,5.987,116.541,2015,6.0,5.0
5,74,0,266950.1,0,7.38005,-0.55,2015,6.0,2.0
10,87,2,200.0,0,26.9195,93.87,2015,6.0,2.0
5,72,2,13022.99,0,42.0683,44.54,2015,6.0,7.0
5,45,1,16754.38,0,10.1743,-83.83,2015,6.0,27.0
5,87,2,43781.56,0,21.8734,70.76,2015,6.0,19.0
5,135,4,8948.6,0,-39.8648,175.23,2015,6.0,22.0
5,89,2,776608.03,0,33.6304,54.04,2015,7.0,14.0
2,38,2,6.4,2,37.4593,78.1542,2015,7.0,3.0
5,150,2,16151.08,0,15.5509,120.8,2015,7.0,12.0
5,24,1,115.0,0,-25.5689,-50.75,2015,7.0,10.0
5,192,2,56196.01,0,38.0626,73.11,2015,7.0,15.0
5,31,0,4726.19,0,3.94741,9.88,2015,6.0,22.0
5,144,2,73485.14,0,35.0129,72.84,2015,6.0,25.0
5,144,2,137040.0,0,34.3432,72.27,2015,7.0,15.0
5,215,2,24336.74,0,20.8137,106.86,2015,7.0,25.0
5,130,2,26424.0,0,20.175,95.53,2015,7.0,15.0
5,148,1,28652.69,0,-25.451,-59.27,2015,7.0,25.0
5,82,1,30931.23,0,6.66576,-58.74,2015,7.0,15.0
5,87,2,629961.6,0,26.2074,82.62,2015,7.0,15.0
5,140,3,5957.41,0,41.7575,21.19,2015,8.0,3.0
2,52,0,5.5,2,-2.091,28.952,2015,8.0,6.0
5,7,1,133853.0,0,-35.1086,-59.81,2015,8.0,5.0
12,57,1,200.0,0,-0.677,-78.436,2015,8.0,14.0
5,211,1,63707.6,0,-32.6329,-55.7,2015,8.0,17.0
5,137,0,200.0,0,14.8417,2.5,2015,7.0,25.0
5,87,2,69190.14,0,26.8946,93.75,2015,8.0,13.0
5,123,1,60978.86,0,19.4811,-103.43,2015,3.0,13.0
5,21,1,200.0,0,-11.5042,-65.84,2015,2.0,20.0
5,75,3,151104.5,0,41.4571,26.6,2015,2.0,1.0
2,88,2,6.6,2,-0.621,131.262,2015,9.0,24.0
2,37,1,8.3,2,-31.5729,-71.6744,2015,9.0,16.0
10,79,1,200.0,0,14.826,-90.613,2015,10.0,2.0
5,138,0,186816.02,0,9.953,11.528,2015,9.0,5.0
5,67,3,2895.95,0,43.377,6.53,2015,10.0,3.0
11,210,1,200.0,1,33.503,-80.493,2015,10.0,1.0
5,215,2,192886.73,0,20.567,104.762,2015,9.0,7.0
11,150,2,210.0,1,16.691,121.24,2015,10.0,14.0
11,123,1,270.0,1,28.381,-101.772,2015,10.0,22.0
2,0,2,7.5,2,36.5244,70.3676,2015,10.0,26.0
2,87,2,7.5,2,36.5244,70.3676,2015,10.0,26.0
2,144,2,7.5,2,36.5244,70.3676,2015,10.0,25.0
5,2,0,200.0,0,28.334,-6.955,2015,10.0,16.0
5,211,1,392899.19,0,-29.957,-53.572,2015,10.0,14.0
5,87,2,93202.05,0,11.828,78.855,2015,11.0,8.0
2,102,2,5.6,2,40.376,73.204,2015,11.0,17.0
2,192,2,7.2,2,38.211,72.78,2015,12.0,7.0
5,1,3,11409.69,0,41.287,19.966,2015,11.0,21.0
12,57,1,200.0,0,-1.467,-78.442,2015,11.0,17.0
5,148,1,574056.99,0,-26.037,-55.848,2015,11.0,15.0
5,99,0,103769.52,0,-2.036,39.513,2015,12.0,1.0
5,210,1,200.0,0,35.666,-91.083,2015,12.0,15.0
2,0,2,6.3,2,36.4935,71.1263,2015,12.0,25.0
2,144,2,6.3,2,36.4935,71.1263,2015,12.0,25.0
2,194,2,6.5,2,-8.3381,124.8754,2015,11.0,4.0
2,13,2,6.7,2,24.804,93.65,2016,1.0,3.0
2,87,2,6.7,2,24.804,93.65,2016,1.0,3.0
2,88,2,5.5,2,-3.863,127.229,2016,1.0,16.0
5,208,0,182022.09,0,-4.762,35.505,2016,1.0,17.0
5,57,1,69541.98,0,-0.786,-79.701,2016,1.0,1.0
5,24,1,110514.83,0,-17.956,-56.442,2016,1.0,9.0
5,88,2,235818.78,0,-2.465,103.352,2016,2.0,7.0
2,191,2,6.4,2,22.938,120.6,2016,2.0,6.0
5,38,2,383223.81,0,24.704,113.991,2016,3.0,19.0
5,135,4,39333.76,0,-42.169,172.21,2016,3.0,23.0
2,144,2,6.6,2,36.473,71.13,2016,4.0,10.0
2,96,2,6.5,2,32.788,130.7,2016,4.0,14.0
5,144,2,111748.39,0,33.054,71.779,2016,4.0,2.0
5,211,1,126653.11,0,-32.435,-56.195,2016,4.0,12.0
2,57,1,7.8,2,0.382,-79.92,2016,4.0,16.0
2,96,2,7.3,2,32.791,130.75,2016,4.0,16.0
5,4,0,59745.82,0,-8.321,13.978,2016,4.0,16.0
5,87,2,70517.68,0,27.464,95.607,2016,4.0,22.0
2,57,1,6.8,2,0.495,-79.62,2016,5.0,18.0
10,159,0,200.0,0,-2.057,30.012,2016,5.0,7.0
5,73,3,91554.92,0,48.407,10.22,2016,5.0,31.0
5,210,1,200.0,0,30.857,-95.537,2016,5.0,27.0
11,210,1,200.0,1,38.945,-80.555,2016,6.0,22.0
5,74,0,47506.4,0,6.414,-1.165,2016,6.0,10.0
5,96,2,18480.56,0,32.603,130.99,2016,6.0,20.0
5,130,2,93839.67,0,18.316,95.26,2016,6.0,1.0
5,38,2,197079.53,0,24.753,112.952,2016,6.0,18.0
5,87,2,135742.3,0,27.068,93.95,2016,6.0,25.0
5,144,2,31431.28,0,36.104,72.793,2016,7.0,3.0
5,38,2,720844.3,0,27.976,114.24,2016,6.0,28.0
5,32,1,176099.51,0,58.292,-123.249,2016,6.0,14.0
5,208,0,84214.63,0,-6.894,36.0,2016,4.0,22.0
5,21,1,190581.43,0,-12.843,-64.93,2016,2.0,28.0
5,4,0,277015.44,0,-11.594,16.056,2016,3.0,1.0
5,129,0,80571.64,0,-12.351,39.464,2016,1.0,5.0
2,192,2,5.4,2,38.883,70.626,2016,7.0,1.0
5,13,2,45667.11,0,24.095,90.04,2016,7.0,19.0
5,210,1,19554.02,0,29.988,-91.8,2016,8.0,9.0
2,149,1,5.3,2,-15.64,-71.68,2016,8.0,14.0
2,94,3,6.2,2,42.723,13.187,2016,8.0,24.0
2,208,0,5.9,2,1.036,31.618,2016,9.0,10.0
2,204,0,5.9,2,-1.036,31.618,2016,9.0,10.0
5,123,1,127233.91,0,17.071,-93.805,2016,9.0,14.0
5,123,1,22329.12,0,23.672,-104.964,2016,9.0,29.0
5,75,3,20422.01,0,37.418,22.292,2016,9.0,5.0
2,140,3,5.1,2,42.009,21.49,2016,9.0,11.0
2,155,2,5.4,2,35.781,129.216,2016,9.0,12.0
5,88,2,32276.01,0,-7.042,108.238,2016,9.0,20.0
2,94,3,6.1,2,42.934,13.043,2016,10.0,26.0
2,94,3,6.5,2,42.855,13.088,2016,10.0,30.0
5,193,2,17187.43,0,14.867,100.395,2016,10.0,6.0
2,130,2,6.8,2,20.923,94.569,2016,8.0,24.0
5,87,2,137435.4,0,17.654,80.34,2016,9.0,21.0
2,135,4,7.8,2,-42.725,173.064,2016,11.0,14.0
5,215,2,63641.54,0,16.004,107.68,2016,10.0,9.0
5,83,1,4534.1,0,19.739,-72.587,2016,11.0,5.0
5,1,3,16543.1,0,42.254,19.446,2016,11.0,7.0
5,56,1,200.0,0,18.92,-70.125,2016,11.0,7.0
5,123,1,322162.36,0,23.273,-99.793,2016,11.0,3.0
5,88,2,11225.49,0,0.649,123.245,2016,10.0,23.0
5,157,3,57182.5,0,45.151,27.562,2016,10.0,9.0
5,205,3,19889.49,0,47.256,31.348,2016,10.0,12.0
5,9,4,634200.41,0,-33.277,139.898,2016,9.0,10.0
2,88,2,5.9,2,-8.218,117.816,2016,8.0,1.0
2,149,1,6.3,2,-15.321,-70.823,2016,12.0,1.0
5,193,2,67395.39,0,14.445,100.753,2016,12.0,1.0
2,88,2,6.5,2,5.281,96.108,2016,12.0,7.0
2,38,2,6.6,2,39.238,74.047,2016,11.0,25.0
2,179,4,7.8,2,-10.676,161.33,2016,12.0,8.0
5,114,2,20485.81,0,5.122,102.56,2016,11.0,28.0
2,96,2,6.2,2,35.37,133.812,2016,10.0,21.0
2,210,1,5.0,2,35.991,-96.803,2016,11.0,7.0
5,114,2,43580.48,0,4.7,102.411,2016,12.0,26.0
2,38,2,5.9,2,43.823,86.345,2016,12.0,8.0
2,38,2,4.8,2,26.077,99.539,2016,5.0,18.0
5,193,2,50020.11,0,7.305,100.061,2017,1.0,1.0
2,94,3,5.3,2,42.601,13.227,2017,1.0,18.0
2,150,2,6.7,2,9.907,125.452,2017,2.0,10.0
5,149,1,288499.13,0,-5.251,-77.573,2017,2.0,1.0
5,37,1,200.0,0,-30.939,-70.249,2017,2.0,24.0
5,88,2,40253.83,0,-7.029,107.162,2017,2.0,21.0
5,149,1,810942.34,0,-11.004,-75.148,2017,3.0,15.0
5,89,2,40807.87,0,37.704,46.169,2017,4.0,15.0
5,4,0,24002.58,0,-8.718,13.656,2017,3.0,21.0
5,32,1,79149.2,0,45.575,-74.406,2017,5.0,5.0
2,150,2,5.9,2,13.77,120.935,2017,4.0,8.0
5,191,2,16445.9,0,24.302,121.216,2017,5.0,31.0
2,75,3,6.3,2,38.915,26.371,2017,6.0,12.0
5,211,1,87427.72,0,-31.888,-57.432,2017,5.0,29.0
5,24,1,266010.35,0,-8.096,-38.231,2017,5.0,26.0
2,89,2,5.6,2,37.772,57.204,2017,5.0,13.0
5,99,0,55027.86,0,-2.879,37.88,2017,5.0,8.0
5,82,1,131888.36,0,3.815,-59.015,2017,5.0,20.0
5,181,0,213686.92,0,-28.362,29.715,2017,5.0,14.0
5,37,1,157698.57,0,-27.122,-69.952,2017,5.0,11.0
5,98,2,397487.68,0,51.254,70.047,2017,4.0,14.0
5,7,1,27377.03,0,-45.953,-67.939,2017,4.0,5.0
5,135,4,23530.76,0,-38.204,176.79,2017,4.0,5.0
5,41,1,128596.78,0,3.723,-72.674,2017,2.0,23.0
5,114,2,78809.78,0,3.932,102.461,2017,1.0,23.0
5,41,1,117321.46,0,1.691,-76.286,2017,1.0,5.0
5,150,2,30389.11,0,7.59,124.062,2017,2.0,1.0
5,84,1,13364.22,0,15.581,-85.367,2017,1.0,7.0
2,150,2,6.5,2,11.111,124.619,2017,7.0,6.0
2,75,3,6.7,2,36.925,27.414,2017,7.0,21.0
5,210,1,200.0,0,34.349,-111.264,2017,7.0,15.0
5,67,3,200.0,0,45.486,3.338,2017,6.0,13.0
5,132,2,200.0,0,27.295,86.427,2017,6.0,30.0
11,96,2,120.0,1,33.2,134.0,2017,8.0,5.0
2,38,2,6.5,2,33.193,103.855,2017,8.0,8.0
5,132,2,64676.5,0,27.941,83.878,2017,8.0,10.0
5,137,0,184437.33,0,14.617,4.402,2017,8.0,26.0
5,138,0,86946.56,0,8.169,9.45,2017,8.0,15.0
2,123,1,8.1,2,15.022,-93.899,2017,9.0,8.0
5,35,0,70469.71,0,7.223,17.145,2017,8.0,23.0
2,123,1,7.1,2,18.55,-98.489,2017,9.0,17.0
5,38,2,283444.21,0,29.612,113.645,2017,9.0,24.0
2,155,2,5.4,2,36.065,129.27,2017,11.0,15.0
5,75,3,2571.04,0,38.261,23.529,2017,11.0,11.0
2,89,2,7.3,2,34.911,45.959,2017,11.0,12.0
2,90,2,7.3,2,34.911,45.959,2017,11.0,12.0
5,193,2,101670.34,0,14.594,100.679,2017,10.0,10.0
5,114,2,37944.0,0,5.247,101.026,2017,11.0,3.0
5,207,3,200.0,0,53.102,-6.856,2017,11.0,22.0
5,169,2,181054.82,0,22.707,39.365,2017,11.0,21.0
5,215,2,27646.32,0,11.664,108.399,2017,11.0,19.0
5,184,2,22923.3,0,8.604,80.637,2017,11.0,3.0
5,88,2,27067.56,0,-7.229,109.117,2017,11.0,3.0
5,87,2,50536.26,0,10.489,79.004,2017,10.0,30.0
5,150,2,10299.67,0,10.566,123.171,2017,9.0,22.0
5,123,1,57674.59,0,23.917,-98.308,2017,9.0,26.0
5,1,3,10463.39,0,44.885,15.215,2017,11.0,30.0
2,38,2,6.4,2,29.833,94.978,2017,11.0,18.0
2,89,2,4.9,2,35.649,50.962,2017,12.0,20.0
2,88,2,6.5,2,-7.492,108.174,2017,12.0,15.0
5,94,3,27560.36,0,45.457,105.881,2017,12.0,11.0
5,143,2,50430.4,0,24.36,55.968,2017,12.0,16.0
5,52,0,5597.13,0,-4.355,15.116,2018,1.0,3.0
2,149,1,7.1,2,-15.759,74.71,2018,1.0,14.0
2,88,2,6.0,2,-7.196,105.918,2018,1.0,23.0
5,67,3,72015.73,0,48.511,1.606,2018,1.0,24.0
5,24,1,55138.95,0,-22.479,-44.095,2018,2.0,14.0
2,147,4,7.5,2,-6.149,142.766,2018,2.0,26.0
2,191,2,6.4,2,24.136,121.658,2018,2.0,6.0
5,21,1,245647.66,0,-14.405,-64.013,2018,2.0,10.0
5,114,2,74295.74,0,3.133,3.659,2018,2.0,3.0
5,113,0,25660.35,0,-10.351,33.847,2018,2.0,1.0
5,28,0,18675.08,0,-3.47,29.987,2018,1.0,14.0
5,148,1,2924.11,0,-25.312,-57.599,2018,1.0,13.0
5,114,2,117492.07,0,3.659,102.337,2018,1.0,1.0
5,1,3,10316.95,0,40.866,19.941,2018,3.0,5.0
5,4,0,462991.06,0,-11.247,16.007,2018,2.0,22.0
5,113,0,60622.11,0,-14.926,34.367,2018,2.0,22.0
5,24,1,131278.34,0,-24.206,-48.623,2018,3.0,20.0
5,158,3,172029.58,0,52.883,84.596,2018,3.0,25.0
5,9,4,105583.27,0,-17.015,145.218,2018,3.0,9.0
5,208,0,37319.62,0,-11.158,34.02,2018,4.0,14.0
5,93,2,17900.1,0,31.164,34.861,2018,4.0,24.0
5,159,0,14768.05,0,-1.784,30.012,2018,4.0,23.0
5,0,2,184396.9,0,34.94,68.216,2018,5.0,9.0
5,79,1,67481.61,0,15.88,-90.217,2018,5.0,18.0
5,13,2,3882.39,0,23.226,92.13,2018,5.0,20.0
5,38,2,109610.1,0,23.812,108.795,2018,5.0,7.0
5,32,1,78669.36,0,50.358,-119.241,2018,5.0,10.0
11,7,1,130.0,1,-35.21,-58.199,2018,4.0,28.0
5,2,0,132888.7,0,33.907,3.215,2018,4.0,24.0
5,28,0,8958.54,0,-4.015,29.641,2018,4.0,28.0
5,113,0,37319.62,0,-11.158,34.02,2018,4.0,11.0
5,157,3,24192.62,0,45.946,24.989,2018,3.0,14.0
5,88,2,3938.29,0,-8.497,118.569,2018,3.0,5.0
5,98,2,331425.24,0,47.381,81.478,2018,3.0,9.0
2,96,2,5.5,2,34.826,135.64,2018,6.0,18.0
5,96,2,109672.31,0,35.65,137.895,2018,6.0,29.0
2,38,2,5.1,2,45.279,124.557,2018,5.0,28.0
5,56,1,21589.73,0,19.018,-69.704,2018,7.0,9.0
5,132,2,85852.14,0,28.238,84.398,2018,7.0,1.0
5,26,3,78520.26,0,42.698,23.9,2018,6.0,28.0
5,186,0,210194.29,0,10.763,27.364,2018,6.0,18.0
2,88,2,6.4,2,-8.274,116.491,2018,7.0,29.0
5,130,2,46815.06,0,18.191,95.434,2018,7.0,15.0
2,88,2,6.9,2,-8.287,116.452,2018,8.0,5.0
2,89,2,5.9,2,34.645,46.179,2018,7.0,22.0
2,88,2,6.9,2,-8.325,116.577,2018,8.0,19.0
2,89,2,6.0,2,34.663,46.277,2018,8.0,26.0
2,123,1,7.2,2,16.646,-97.653,2018,2.0,16.0
2,147,4,200.0,2,-6.307,142.62,2018,3.0,5.0
2,147,4,6.7,2,-6.294,142.607,2018,3.0,7.0
2,59,1,5.6,2,13.095,-88.099,2018,5.0,6.0
2,38,2,5.0,2,24.332,102.941,2018,8.0,13.0
5,51,2,25734.39,0,38.531,126.573,2018,8.0,24.0
2,88,2,7.5,2,-0.256,119.846,2018,9.0,28.0
2,83,1,5.9,2,20.034,-73.013,2018,10.0,6.0
5,183,3,2882.25,0,39.591,2.936,2018,10.0,9.0
5,138,0,257477.37,0,10.475,8.238,2018,9.0,20.0
5,74,0,83997.78,0,9.538,-1.066,2018,8.0,31.0
5,89,2,340197.41,0,35.606,52.429,2018,10.0,5.0
5,184,2,29246.23,0,6.806,80.637,2018,10.0,6.0
5,214,1,3147.09,0,10.426,-66.55,2018,9.0,25.0
5,186,0,629241.72,0,13.487,31.942,2018,8.0,1.0
2,89,2,6.3,2,34.304,45.74,2018,11.0,25.0
5,183,3,6802.0,0,43.284,-6.225,2019,1.0,22.0
2,37,1,6.7,2,-30.074,-71.423,2019,1.0,19.0
5,169,2,632315.72,0,26.674,41.295,2019,1.0,27.0
5,0,2,441236.3,0,31.991,67.078,2019,3.0,2.0
2,88,2,5.4,2,-1.301,101.601,2019,2.0,28.0
5,37,1,272110.34,0,-21.965,-69.245,2019,2.0,1.0
5,219,0,154678.41,0,-19.041,30.804,2019,2.0,11.0
2,38,2,4.9,2,29.498,104.632,2019,2.0,25.0
5,24,1,20310.38,0,-23.539,-46.124,2019,3.0,10.0
5,113,0,77812.85,0,-14.53,34.317,2019,3.0,4.0
2,88,2,5.8,2,-8.418,116.52,2019,3.0,17.0
2,150,2,6.1,2,14.99,120.35,2019,4.0,22.0
5,192,2,106545.57,0,37.42,69.354,2019,6.0,1.0
5,125,2,85984.41,0,47.204,111.071,2019,6.0,15.0
5,157,3,88755.01,0,45.624,26.653,2019,5.0,31.0
5,108,0,151026.83,0,24.555,12.691,2019,5.0,28.0
5,123,1,34619.97,0,20.176,-103.182,2019,6.0,2.0
2,1,3,5.2,2,40.501,20.722,2019,6.0,1.0
2,59,1,6.6,2,13.243,-89.272,2019,5.0,30.0
2,57,1,8.0,2,-5.812,-75.27,2019,5.0,26.0
2,149,1,8.0,2,-5.812,-75.27,2019,5.0,26.0
5,169,2,238156.72,0,18.54,45.254,2019,5.0,22.0
5,0,2,133359.74,0,34.668,67.894,2019,5.0,22.0
2,38,2,5.8,2,28.405,104.957,2019,6.0,17.0
5,150,2,5390.18,0,8.223,123.493,2019,6.0,3.0
2,147,4,7.6,2,-4.051,152.6,2019,5.0,14.0
5,203,2,12361.41,0,40.706,41.047,2019,6.0,18.0
5,22,3,27244.66,0,44.089,19.298,2019,6.0,1.0
5,96,2,32382.22,0,32.591,130.866,2019,6.0,29.0
5,158,3,413323.05,0,58.911,102.485,2019,6.0,28.0
2,89,2,5.7,2,31.775,49.542,2019,7.0,8.0
2,210,1,7.1,2,35.77,-117.599,2019,7.0,5.0
2,96,2,6.4,2,38.637,139.48,2019,6.0,18.0
2,88,2,7.2,2,-0.586,128.034,2019,7.0,14.0
2,150,2,5.5,2,9.32,125.99,2019,7.0,13.0
2,150,2,6.0,2,20.807,121.986,2019,7.0,27.0
2,88,2,6.9,2,-7.282,104.791,2019,8.0,2.0
5,186,0,228503.64,0,14.826,33.921,2019,7.0,15.0
5,96,2,10883.12,0,32.951,130.545,2019,8.0,27.0
5,183,3,9114.7,0,38.05,-1.091,2019,9.0,11.0
2,1,3,5.6,2,41.381,19.454,2019,9.0,21.0
2,88,2,6.5,2,-3.45,128.347,2019,9.0,26.0
2,144,2,5.6,2,33.106,73.766,2019,9.0,24.0
5,217,2,30368.53,0,43.571,15.118,2019,7.0,31.0
2,57,1,7.5,2,-2.199,-77.023,2019,2.0,22.0
2,203,2,5.7,2,40.89,28.173,2019,9.0,26.0
2,150,2,6.4,2,6.714,125.009,2019,10.0,16.0
5,99,0,232028.01,0,0.728,39.414,2019,10.0,10.0
5,96,2,23763.91,0,36.739,140.269,2019,10.0,25.0
2,38,2,5.1,2,29.573,105.064,2019,9.0,8.0
2,150,2,6.6,2,6.754,124.985,2019,10.0,29.0
5,170,0,60942.37,0,15.52,-15.516,2019,9.0,10.0
2,150,2,6.5,2,6.905,125.187,2019,10.0,31.0
2,89,2,5.9,2,37.808,47.558,2019,11.0,8.0
2,1,3,6.4,2,41.511,19.522,2019,11.0,26.0
5,114,2,38171.31,0,4.415,102.584,2019,11.0,30.0
5,24,1,173355.12,0,-39.27,-12.906,2019,11.0,25.0
5,123,1,397450.44,0,28.484,-107.661,2019,11.0,27.0
5,211,1,73269.14,0,-33.749,-55.922,2019,10.0,12.0
5,214,1,24680.9,0,9.772,-72.228,2019,10.0,5.0
2,150,2,6.8,2,6.708,125.188,2019,12.0,15.0
5,184,2,44781.54,0,7.922,80.835,2019,12.0,18.0
5,88,2,24986.75,0,-6.533,107.508,2019,12.0,31.0
5,129,0,401249.74,0,-16.223,36.866,2019,12.0,27.0
5,149,1,322182.75,0,-5.921,-76.979,2019,12.0,15.0
5,43,0,585146.24,0,-1.12,18.16,2019,12.0,15.0
2,153,1,6.4,2,17.935,-66.883,2020,1.0,7.0
5,112,0,443085.58,0,-18.95,47.184,2020,1.0,1.0
5,24,1,115219.89,0,-19.398,-45.901,2020,1.0,17.0
2,203,2,6.7,2,38.39,44.367,2020,1.0,24.0
5,129,0,172916.51,0,-18.013,35.282,2020,2.0,11.0
2,89,2,5.8,2,38.543,44.447,2020,2.0,23.0
2,203,2,5.8,2,38.543,44.447,2020,2.0,23.0
11,215,2,200.0,1,20.691,105.183,2020,3.0,2.0
5,159,0,15283.09,0,-1.994,29.863,2020,3.0,2.0
5,58,0,22124.19,0,29.021,30.754,2020,3.0,11.0
11,112,0,148.0,1,-14.488,48.767,2020,3.0,13.0
2,46,3,5.4,2,45.897,15.966,2020,3.0,22.0
5,149,1,152175.01,0,-7.011,-76.88,2020,3.0,28.0
5,89,2,216986.62,0,33.039,54.161,2020,4.0,10.0
5,54,0,10321.78,0,11.685,42.68,2020,4.0,20.0
5,212,2,84662.22,0,41.245,55.844,2020,5.0,1.0
2,153,1,5.4,2,17.937,-66.727,2020,5.0,2.0
5,180,0,428331.4,0,6.142,47.085,2020,4.0,20.0
5,99,0,154389.9,0,1.163,36.593,2020,4.0,18.0
5,208,0,184333.48,0,-4.512,34.218,2020,4.0,22.0
5,217,2,18949.28,0,13.259,44.437,2020,4.0,15.0
5,27,0,42577.65,0,13.343,-1.116,2020,4.0,19.0
5,4,0,77631.98,0,-9.139,14.201,2020,4.0,18.0
5,204,0,47454.12,0,0.013,31.026,2020,5.0,21.0
5,143,2,95375.0,0,18.398,54.533,2020,5.0,27.0
2,88,2,6.4,2,2.911,128.248,2020,6.0,4.0
2,38,2,5.1,2,27.296,103.281,2020,5.0,18.0
2,203,2,5.9,2,39.421,40.697,2020,6.0,14.0
5,151,3,47884.2,0,51.154,22.49,2020,6.0,29.0
2,203,2,5.4,2,38.558,44.023,2020,6.0,25.0
2,123,1,7.4,2,15.916,-95.953,2020,6.0,23.0
5,205,3,33791.16,0,49.315,30.061,2020,6.0,22.0
5,125,2,423250.41,0,46.388,106.222,2020,6.0,21.0
5,114,2,30344.28,0,24.561,103.055,2020,6.0,20.0
5,96,2,28547.82,0,32.666,131.039,2020,6.0,29.0
5,211,1,112272.14,0,-33.103,-56.046,2020,6.0,22.0
5,36,0,134488.38,0,9.628,18.085,2020,4.0,20.0
2,150,2,6.6,2,12.021,124.123,2020,8.0,18.0
2,75,3,7.0,2,37.913,26.779,2020,10.0,30.0
2,203,2,7.0,2,37.913,26.779,2020,10.0,30.0
2,46,3,6.4,2,45.422,16.255,2020,12.0,29.0
2,7,1,6.4,2,-31.818,-68.847,2021,1.0,18.0
2,88,2,6.2,2,-2.976,118.901,2021,1.0,15.0
2,96,2,7.1,2,37.745,141.749,2021,2.0,13.0
2,75,3,5.8,2,39.789,22.119,2021,3.0,3.0
2,96,2,7.0,2,38.475,141.633,2021,3.0,20.0
2,88,2,6.0,2,-8.562,112.519,2021,4.0,11.0
2,38,2,5.4,2,41.816,81.164,2021,3.0,24.0
2,89,2,5.9,2,29.787,50.669,2021,4.0,18.0
2,20,2,6.0,2,26.781,92.457,2021,4.0,28.0
2,87,2,6.4,2,26.781,92.457,2021,4.0,28.0
2,38,2,6.1,2,25.761,100.011,2021,5.0,21.0
2,88,2,5.9,2,-3.593,129.503,2021,6.0,16.0
2,83,1,7.2,2,18.408,-73.475,2021,8.0,14.0
2,38,2,5.4,2,29.182,105.391,2021,9.0,16.0
2,123,1,7.0,2,16.982,-99.773,2021,9.0,8.0
2,75,3,6.0,2,35.252,25.26,2021,9.0,27.0
2,144,2,5.9,2,30.22,68.014,2021,10.0,7.0
2,88,2,5.1,2,-8.356,115.458,2021,10.0,16.0
2,89,2,6.3,2,27.721,56.065,2021,11.0,14.0
2,57,1,7.2,2,-4.49,-76.846,2021,11.0,28.0
2,149,1,7.2,2,-4.49,-76.846,2021,11.0,28.0
2,103,2,5.7,2,22.37,101.671,2021,12.0,24.0
2,0,2,5.3,2,34.929,63.621,2022,1.0,17.0
2,88,2,6.6,2,-6.86,105.289,2022,1.0,14.0
2,38,2,6.6,2,37.828,101.29,2022,1.0,8.0
2,83,1,5.3,2,18.494,-73.3,2022,1.0,24.0
2,149,1,6.5,2,-4.466,-76.928,2022,2.0,3.0
2,79,1,6.2,2,14.228,-91.343,2022,2.0,16.0
2,88,2,6.1,2,0.216,100.096,2022,2.0,25.0
2,96,2,7.3,2,37.702,141.587,2022,3.0,16.0
2,57,1,5.8,2,0.909,-79.589,2022,3.0,26.0
2,38,2,5.8,2,30.395,102.958,2022,6.0,1.0
2,0,2,5.9,2,33.092,69.514,2022,6.0,21.0
2,89,2,6.1,2,26.899,55.321,2022,7.0,2.0
2,38,2,5.9,2,33.373,101.887,2022,6.0,10.0
2,149,1,5.5,2,-16.783,-71.31,2022,7.0,12.0
2,150,2,7.0,2,17.56,120.801,2022,7.0,27.0
2,38,2,6.6,2,29.726,102.279,2022,9.0,5.0
2,147,4,7.6,2,-6.256,146.469,2022,9.0,13.0
2,191,2,6.5,2,23.119,121.422,2022,9.0,18.0
2,123,1,6.8,2,18.247,-102.952,2022,9.0,22.0
2,123,1,7.6,2,18.497,-102.982,2022,9.0,19.0
2,89,2,5.6,2,38.493,45.038,2022,10.0,5.0
2,150,2,6.4,2,17.662,120.823,2022,10.0,25.0
2,132,2,5.7,2,29.274,81.149,2022,11.0,9.0
2,88,2,5.6,2,-6.853,107.095,2022,11.0,21.0
2,203,2,6.1,2,40.847,30.967,2022,11.0,23.0
2,210,1,6.4,2,40.525,124.423,2022,12.0,20.0
2,88,2,7.6,2,-7.065,130.005,2023,1.0,10.0
2,89,2,5.7,2,38.44,44.946,2023,1.0,18.0
2,89,2,5.9,2,38.424,44.909,2023,1.0,28.0
2,190,2,7.8,2,38.055,36.51,2023,2.0,6.0
2,203,2,7.8,2,38.055,36.51,2023,2.0,6.0
2,190,2,6.3,2,36.159,36.034,2023,2.0,20.0
2,203,2,6.3,2,36.159,36.034,2023,2.0,20.0
2,57,1,6.8,2,-2.837,-79.844,2023,3.0,18.0
2,149,1,6.8,2,-2.837,-79.844,2023,3.0,18.0
2,0,2,6.5,2,36.519,70.946,2023,3.0,21.0
2,144,2,6.5,2,36.519,70.946,2023,3.0,21.0
2,147,4,7.0,2,-4.326,143.159,2023,4.0,2.0
2,192,2,4.8,2,39.383,69.881,2023,3.0,23.0
2,96,2,6.2,2,37.548,137.299,2023,5.0,6.0
2,67,3,4.8,2,46.212,-0.785,2023,6.0,16.0
2,88,2,5.8,2,-8.674,110.041,2023,6.0,30.0
2,38,2,5.4,2,37.231,116.391,2023,8.0,5.0
2,128,0,6.8,2,31.058,-8.385,2023,9.0,8.0
2,0,2,5.4,2,34.517,61.946,2023,10.0,7.0
2,132,2,5.7,2,29.498,81.243,2023,10.0,3.0
2,0,2,6.3,2,34.53,62.048,2023,10.0,11.0
2,132,2,5.7,2,28.848,82.18,2023,11.0,3.0
2,150,2,6.2,2,19.236,21.229,2023,9.0,12.0
2,150,2,6.7,2,5.583,125.022,2023,11.0,17.0
2,150,2,7.6,2,8.527,126.449,2023,12.0,2.0
2,38,2,5.9,2,35.743,102.827,2023,12.0,19.0
2,96,2,7.5,2,37.495,137.265,2024,1.0,2.0
2,38,2,5.6,2,41.219,78.724,2024,1.0,23.0
2,98,2,5.8,2,41.27,78.621,2024,1.0,23.0
2,147,4,6.9,2,-4.139,143.159,2024,3.0,20.0
2,88,2,6.4,2,-5.867,112.362,2024,3.0,22.0
2,191,2,7.4,2,23.819,121.562,2024,4.0,3.0
2,88,2,6.1,2,-8.005,107.28,2024,4.0,27.0
2,89,2,4.9,2,35.261,58.458,2024,6.0,18.0
2,149,1,7.2,2,-15.827,-74.464,2024,6.0,28.0
2,150,2,6.8,2,8.193,126.0,2024,8.0,2.0
2,203,2,6.0,2,38.309,38.826,2024,10.0,16.0
2,47,1,6.8,2,19.812,-77.039,2024,11.0,10.0
2,213,4,7.3,2,-17.686,168.034,2024,12.0,17.0
2,38,2,7.1,2,28.573,87.375,2025,1.0,7.0
2,64,0,5.2,2,9.459,40.122,2025,1.0,4.0
